$IMU,1211.00,-96.00,-138.00,-3236.000,-84.000,-16700.000,-17.3,0.0,-5.2
$IMU,1231.00,-103.00,-151.00,-3208.000,-116.000,-16780.000,-17.3,0.0,-5.2
$IMU,1224.00,-109.00,-147.00,-3216.000,-148.000,-16624.000,-17.3,0.1,-5.2
$IMU,1200.00,-102.00,-149.00,-3140.000,-120.000,-16700.000,-17.3,0.0,-5.2
$IMU,1221.00,-119.00,-158.00,-3260.000,-120.000,-16712.000,-17.3,0.1,-5.2
$COLOR,154,53.8,52.7,55.4
$BUTTON,0,0
$IMU,1214.00,-89.00,-148.00,-3208.000,-80.000,-16708.000,-17.3,0.1,-5.2
$IMU,1216.00,-100.00,-147.00,-3160.000,-172.000,-16716.000,-17.3,0.1,-5.2
$IMU,1215.00,-114.00,-160.00,-3152.000,-120.000,-16700.000,-17.3,0.1,-5.2
$IMU,1219.00,-83.00,-155.00,-3236.000,-96.000,-16684.000,-17.3,0.1,-5.2
$ADC,48.7,50.0,99.9,99.9
$IMU,1216.00,-109.00,-152.00,-3148.000,-112.000,-16644.000,-17.3,0.1,-5.2
$DIST,3501,229,202,868
$IMU,1225.00,-107.00,-152.00,-3168.000,-132.000,-16768.000,-17.3,0.1,-5.2
$IMU,1216.00,-102.00,-130.00,-3192.000,-188.000,-16608.000,-17.3,0.1,-5.2
$IMU,1224.00,-99.00,-148.00,-3180.000,-148.000,-16792.000,-17.3,0.1,-5.2
$IMU,1238.00,-113.00,-155.00,-3212.000,-140.000,-16676.000,-17.3,0.1,-5.2
$IMU,1203.00,-99.00,-162.00,-3224.000,-156.000,-16756.000,-17.3,0.1,-5.2
$IMU,1211.00,-100.00,-145.00,-3168.000,-144.000,-16660.000,-17.3,0.1,-5.2
$IMU,1213.00,-97.00,-142.00,-3184.000,-64.000,-16764.000,-17.3,0.1,-5.2
$IMU,1220.00,-84.00,-143.00,-3192.000,-128.000,-16672.000,-17.3,0.1,-5.2
$IMU,1209.00,-92.00,-158.00,-3164.000,-136.000,-16772.000,-17.3,0.1,-5.2
$IMU,1193.00,-112.00,-153.00,-3156.000,-132.000,-16736.000,-17.3,0.1,-5.2
$COLOR,155,53.7,52.8,55.4
$BUTTON,0,0
$IMU,1210.00,-121.00,-155.00,-3208.000,-124.000,-16660.000,-17.3,0.1,-5.2
$IMU,1230.00,-103.00,-138.00,-3252.000,-128.000,-16840.000,-17.3,0.1,-5.2
$IMU,1228.00,-82.00,-165.00,-3164.000,-92.000,-16728.000,-17.3,0.1,-5.2
$IMU,1217.00,-91.00,-151.00,-3224.000,-60.000,-16696.000,-17.3,0.1,-5.2
$ADC,48.6,50.0,99.9,100.0
$IMU,1229.00,-112.00,-158.00,-3148.000,-124.000,-16724.000,-17.3,0.1,-5.2
$DIST,3501,227,202,879
$IMU,1208.00,-105.00,-165.00,-3228.000,-140.000,-16744.000,-17.3,0.1,-5.2
$IMU,1213.00,-126.00,-146.00,-3184.000,-124.000,-16744.000,-17.3,0.1,-5.2
$IMU,1196.00,-124.00,-161.00,-3180.000,-108.000,-16680.000,-17.3,0.1,-5.2
$IMU,1224.00,-92.00,-144.00,-3192.000,-132.000,-16844.000,-17.3,0.1,-5.2
$IMU,1235.00,-104.00,-142.00,-3212.000,-124.000,-16708.000,-17.3,0.1,-5.2
$IMU,1220.00,-95.00,-163.00,-3140.000,-100.000,-16716.000,-17.3,0.1,-5.2
$IMU,1225.00,-82.00,-151.00,-3232.000,-120.000,-16708.000,-17.3,0.1,-5.2
$IMU,1206.00,-109.00,-141.00,-3132.000,-156.000,-16644.000,-17.3,0.1,-5.2
$IMU,1217.00,-106.00,-149.00,-3164.000,-136.000,-16696.000,-17.3,0.1,-5.2
$IMU,1215.00,-96.00,-182.00,-3160.000,-108.000,-16648.000,-17.3,0.1,-5.2
$COLOR,154,53.7,52.7,55.3
$BUTTON,0,0
$IMU,1236.00,-111.00,-167.00,-3152.000,-144.000,-16748.000,-17.3,0.1,-5.2
$IMU,1222.00,-101.00,-188.00,-3184.000,-104.000,-16648.000,-17.3,0.1,-5.2
$IMU,1215.00,-126.00,-151.00,-3168.000,-148.000,-16624.000,-17.3,0.1,-5.2
$IMU,1208.00,-109.00,-142.00,-3228.000,-120.000,-16704.000,-17.3,0.1,-5.2
$ADC,48.6,50.0,99.9,100.0
$IMU,1223.00,-118.00,-139.00,-3136.000,-100.000,-16836.000,-17.3,0.0,-5.2
$DIST,3501,228,206,851
$IMU,1214.00,-122.00,-154.00,-3192.000,-92.000,-16668.000,-17.3,0.0,-5.2
$IMU,1185.00,-111.00,-141.00,-3208.000,-192.000,-16736.000,-17.3,0.0,-5.2
$IMU,1208.00,-100.00,-173.00,-3160.000,-84.000,-16628.000,-17.3,0.0,-5.2
$IMU,1237.00,-96.00,-138.00,-3144.000,-132.000,-16760.000,-17.3,0.0,-5.2
$IMU,1214.00,-103.00,-156.00,-3180.000,-188.000,-16828.000,-17.3,0.0,-5.2
$IMU,1228.00,-124.00,-151.00,-3176.000,-124.000,-16752.000,-17.3,0.0,-5.2
$IMU,1222.00,-111.00,-149.00,-3192.000,-140.000,-16688.000,-17.3,0.0,-5.2
$IMU,1201.00,-115.00,-157.00,-3176.000,-140.000,-16700.000,-17.3,0.0,-5.2
$IMU,1196.00,-97.00,-177.00,-3160.000,-144.000,-16792.000,-17.3,0.0,-5.2
$IMU,1208.00,-107.00,-150.00,-3144.000,-96.000,-16764.000,-17.3,0.0,-5.2
$COLOR,154,53.8,52.7,55.3
$BUTTON,0,0
$IMU,1231.00,-107.00,-153.00,-3168.000,-128.000,-16708.000,-17.3,0.0,-5.2
$IMU,1234.00,-103.00,-144.00,-3228.000,-116.000,-16644.000,-17.3,0.0,-5.2
$IMU,1233.00,-94.00,-152.00,-3184.000,-156.000,-16544.000,-17.3,0.0,-5.2
$IMU,1188.00,-97.00,-170.00,-3164.000,-68.000,-16772.000,-17.3,0.0,-5.2
$ADC,48.6,50.0,99.9,100.0
$IMU,1192.00,-91.00,-161.00,-3212.000,-116.000,-16664.000,-17.3,0.0,-5.2
$DIST,3501,228,203,848
$IMU,1207.00,-132.00,-146.00,-3184.000,-112.000,-16712.000,-17.3,0.0,-5.2
$IMU,1211.00,-107.00,-164.00,-3124.000,-156.000,-16664.000,-17.3,0.0,-5.2
$IMU,1189.00,-92.00,-166.00,-3164.000,-160.000,-16764.000,-17.3,0.0,-5.2
$IMU,1211.00,-93.00,-162.00,-3220.000,-80.000,-16668.000,-17.3,0.0,-5.2
$IMU,1231.00,-113.00,-140.00,-3184.000,-44.000,-16800.000,-17.3,0.0,-5.2
$IMU,1191.00,-109.00,-159.00,-3260.000,-164.000,-16744.000,-17.3,0.0,-5.2
$IMU,1212.00,-112.00,-159.00,-3192.000,-80.000,-16632.000,-17.3,0.0,-5.2
$IMU,1201.00,-123.00,-167.00,-3244.000,-144.000,-16764.000,-17.3,0.0,-5.2
$IMU,1203.00,-107.00,-145.00,-3148.000,-120.000,-16876.000,-17.3,0.0,-5.2
$IMU,1218.00,-98.00,-148.00,-3172.000,-96.000,-16764.000,-17.3,0.0,-5.2
$COLOR,154,53.9,52.8,55.4
$BUTTON,0,0
$IMU,1213.00,-130.00,-151.00,-3232.000,-136.000,-16700.000,-17.3,0.0,-5.2
$IMU,1228.00,-101.00,-140.00,-3196.000,-112.000,-16744.000,-17.3,0.0,-5.2
$IMU,1225.00,-81.00,-136.00,-3188.000,-156.000,-16704.000,-17.3,0.0,-5.2
$IMU,1197.00,-108.00,-138.00,-3180.000,-124.000,-16748.000,-17.3,0.0,-5.2
$ADC,48.6,50.0,99.9,100.0
$IMU,1205.00,-119.00,-161.00,-3156.000,-116.000,-16720.000,-17.3,0.0,-5.2
$DIST,3501,231,205,842
$IMU,1216.00,-93.00,-151.00,-3168.000,-64.000,-16656.000,-17.3,0.0,-5.2
$IMU,1254.00,-113.00,-149.00,-3152.000,-136.000,-16708.000,-17.3,0.0,-5.2
$IMU,1250.00,-79.00,-156.00,-3228.000,-124.000,-16600.000,-17.3,0.0,-5.2
$IMU,1205.00,-113.00,-140.00,-3204.000,-104.000,-16652.000,-17.3,0.0,-5.2
$IMU,1227.00,-113.00,-167.00,-3176.000,-172.000,-16808.000,-17.3,0.0,-5.2
$IMU,1207.00,-122.00,-134.00,-3236.000,-108.000,-16680.000,-17.3,0.0,-5.2
$IMU,1205.00,-100.00,-146.00,-3128.000,-144.000,-16716.000,-17.3,0.0,-5.2
$IMU,1210.00,-119.00,-158.00,-3184.000,-140.000,-16652.000,-17.3,0.0,-5.2
$IMU,1214.00,-107.00,-138.00,-3224.000,-120.000,-16728.000,-17.3,0.0,-5.2
$IMU,1222.00,-90.00,-139.00,-3136.000,-180.000,-16704.000,-17.3,0.0,-5.2
$COLOR,154,53.8,52.7,55.3
$BUTTON,0,0
$IMU,1199.00,-102.00,-133.00,-3180.000,-152.000,-16748.000,-17.3,0.0,-5.2
$IMU,1214.00,-113.00,-140.00,-3152.000,-140.000,-16624.000,-17.3,0.0,-5.2
$IMU,1215.00,-125.00,-130.00,-3152.000,-116.000,-16696.000,-17.3,0.0,-5.2
$IMU,1222.00,-114.00,-145.00,-3176.000,-124.000,-16756.000,-17.3,0.0,-5.2
$ADC,48.7,50.0,99.9,100.0
$IMU,1215.00,-112.00,-161.00,-3132.000,-80.000,-16632.000,-17.3,0.0,-5.2
$DIST,3501,227,206,889
$IMU,1198.00,-115.00,-133.00,-3156.000,-144.000,-16836.000,-17.3,0.0,-5.2
$IMU,1199.00,-124.00,-167.00,-3180.000,-84.000,-16680.000,-17.3,0.0,-5.2
$IMU,1255.00,-109.00,-139.00,-3224.000,-132.000,-16616.000,-17.3,0.0,-5.2
$IMU,1218.00,-72.00,-130.00,-3140.000,-92.000,-16764.000,-17.3,0.0,-5.2
$IMU,1213.00,-100.00,-145.00,-3204.000,-132.000,-16704.000,-17.3,0.0,-5.2
$IMU,1199.00,-91.00,-156.00,-3212.000,-148.000,-16692.000,-17.3,0.0,-5.2
$IMU,1213.00,-108.00,-159.00,-3208.000,-172.000,-16760.000,-17.3,0.0,-5.2
$IMU,1216.00,-110.00,-147.00,-3160.000,-156.000,-16704.000,-17.3,0.0,-5.2
$IMU,1226.00,-119.00,-177.00,-3172.000,-172.000,-16640.000,-17.3,0.0,-5.2
$IMU,1205.00,-100.00,-140.00,-3196.000,-124.000,-16640.000,-17.3,0.0,-5.2
$COLOR,154,53.8,52.7,55.4
$BUTTON,0,0
$IMU,1210.00,-122.00,-154.00,-3188.000,-148.000,-16692.000,-17.3,0.0,-5.2
$IMU,1192.00,-90.00,-162.00,-3120.000,-124.000,-16776.000,-17.3,0.0,-5.2
$IMU,1245.00,-115.00,-157.00,-3172.000,-104.000,-16720.000,-17.3,0.0,-5.2
$IMU,1221.00,-86.00,-141.00,-3188.000,-128.000,-16684.000,-17.3,0.0,-5.2
$ADC,48.7,50.0,99.9,100.0
$IMU,1219.00,-105.00,-137.00,-3220.000,-152.000,-16664.000,-17.3,0.0,-5.2
$DIST,3501,226,204,877
$IMU,1213.00,-83.00,-152.00,-3180.000,-76.000,-16628.000,-17.3,0.0,-5.2
$IMU,1230.00,-83.00,-152.00,-3172.000,-168.000,-16800.000,-17.3,0.0,-5.2
$IMU,1223.00,-95.00,-155.00,-3204.000,-152.000,-16720.000,-17.3,0.0,-5.2
$IMU,1205.00,-104.00,-141.00,-3208.000,-64.000,-16776.000,-17.3,0.0,-5.2
$IMU,1238.00,-124.00,-114.00,-3168.000,-40.000,-16776.000,-17.3,0.0,-5.2
$IMU,1202.00,-106.00,-162.00,-3172.000,-156.000,-16776.000,-17.3,0.0,-5.2
$IMU,1230.00,-106.00,-178.00,-3184.000,-164.000,-16692.000,-17.3,0.0,-5.2
$IMU,1205.00,-106.00,-148.00,-3168.000,-116.000,-16660.000,-17.3,0.0,-5.2
$IMU,1256.00,-121.00,-150.00,-3172.000,-52.000,-16684.000,-17.3,0.0,-5.2
$IMU,1225.00,-99.00,-138.00,-3168.000,-148.000,-16664.000,-17.3,0.0,-5.2
$COLOR,155,53.9,52.8,55.4
$BUTTON,0,0
$IMU,1233.00,-127.00,-164.00,-3172.000,-116.000,-16708.000,-17.3,0.0,-5.2
$IMU,1221.00,-102.00,-141.00,-3164.000,-152.000,-16604.000,-17.3,0.0,-5.2
$IMU,1206.00,-128.00,-141.00,-3232.000,-116.000,-16812.000,-17.3,0.0,-5.2
$IMU,1220.00,-108.00,-146.00,-3192.000,-76.000,-16732.000,-17.3,0.0,-5.2
$ADC,48.7,50.0,99.9,99.9
$IMU,1217.00,-104.00,-126.00,-3204.000,-104.000,-16588.000,-17.3,0.0,-5.2
$DIST,3501,230,201,878
$IMU,1205.00,-99.00,-156.00,-3180.000,-104.000,-16776.000,-17.3,0.0,-5.2
$IMU,1226.00,-104.00,-160.00,-3220.000,-168.000,-16832.000,-17.3,0.0,-5.2
$IMU,1217.00,-104.00,-167.00,-3168.000,-84.000,-16708.000,-17.3,0.0,-5.2
$IMU,1214.00,-110.00,-157.00,-3220.000,-152.000,-16708.000,-17.3,0.0,-5.2
$IMU,1240.00,-88.00,-156.00,-3216.000,-120.000,-16676.000,-17.3,0.0,-5.2
$IMU,1216.00,-116.00,-156.00,-3136.000,-160.000,-16684.000,-17.3,0.0,-5.2
$IMU,1221.00,-111.00,-141.00,-3156.000,-108.000,-16760.000,-17.3,0.0,-5.2
$IMU,1220.00,-95.00,-138.00,-3164.000,-92.000,-16744.000,-17.3,0.0,-5.2
$IMU,1230.00,-115.00,-137.00,-3172.000,-112.000,-16716.000,-17.3,0.0,-5.2
$IMU,1198.00,-103.00,-144.00,-3148.000,-136.000,-16760.000,-17.3,0.0,-5.2
$COLOR,156,53.8,52.8,55.4
$BUTTON,0,0
$IMU,1189.00,-105.00,-143.00,-3208.000,-76.000,-16788.000,-17.3,0.0,-5.2
$IMU,1209.00,-108.00,-136.00,-3140.000,-184.000,-16688.000,-17.3,0.0,-5.2
$IMU,1220.00,-119.00,-167.00,-3188.000,-116.000,-16656.000,-17.3,0.0,-5.2
$IMU,1230.00,-107.00,-130.00,-3176.000,-156.000,-16772.000,-17.3,0.0,-5.2
$ADC,48.7,50.0,100.0,99.9
$IMU,1213.00,-90.00,-154.00,-3236.000,-152.000,-16600.000,-17.3,0.0,-5.2
$DIST,3501,227,203,887
$IMU,1202.00,-93.00,-149.00,-3220.000,-176.000,-16688.000,-17.3,0.0,-5.2
$IMU,1235.00,-95.00,-129.00,-3136.000,-160.000,-16760.000,-17.3,0.0,-5.2
$IMU,1215.00,-95.00,-158.00,-3208.000,-152.000,-16676.000,-17.3,0.0,-5.2
$IMU,1217.00,-109.00,-165.00,-3160.000,-80.000,-16876.000,-17.3,0.0,-5.2
$IMU,1215.00,-119.00,-143.00,-3216.000,-96.000,-16680.000,-17.3,0.0,-5.2
$IMU,1212.00,-113.00,-122.00,-3220.000,-132.000,-16768.000,-17.3,0.0,-5.2
$IMU,1209.00,-114.00,-165.00,-3144.000,-124.000,-16692.000,-17.3,0.0,-5.2
$IMU,1206.00,-94.00,-168.00,-3208.000,-80.000,-16576.000,-17.3,0.0,-5.2
$IMU,1240.00,-110.00,-163.00,-3160.000,-164.000,-16660.000,-17.3,0.0,-5.2
$IMU,1192.00,-91.00,-141.00,-3208.000,-104.000,-16676.000,-17.3,0.0,-5.2
$COLOR,155,53.9,52.7,55.5
$BUTTON,0,0
$IMU,1196.00,-88.00,-163.00,-3200.000,-76.000,-16680.000,-17.3,0.0,-5.2
$IMU,1194.00,-111.00,-142.00,-3176.000,-156.000,-16708.000,-17.3,0.0,-5.2
$IMU,1206.00,-96.00,-148.00,-3164.000,-96.000,-16692.000,-17.3,0.0,-5.2
$IMU,1210.00,-94.00,-134.00,-3172.000,-140.000,-16700.000,-17.3,0.0,-5.2
$ADC,48.7,50.0,100.0,99.9
$IMU,1214.00,-110.00,-163.00,-3160.000,-152.000,-16688.000,-17.3,0.0,-5.2
$DIST,3501,224,204,885
$IMU,1219.00,-98.00,-142.00,-3188.000,-128.000,-16752.000,-17.3,0.0,-5.2
$IMU,1226.00,-85.00,-151.00,-3160.000,-100.000,-16800.000,-17.3,0.0,-5.2
$IMU,1210.00,-111.00,-154.00,-3124.000,-160.000,-16704.000,-17.3,0.0,-5.2
$IMU,1219.00,-101.00,-160.00,-3152.000,-124.000,-16700.000,-17.3,0.0,-5.2
$IMU,1216.00,-103.00,-143.00,-3140.000,-144.000,-16784.000,-17.3,0.0,-5.2
$IMU,1213.00,-135.00,-153.00,-3164.000,-116.000,-16772.000,-17.3,0.0,-5.2
$IMU,1219.00,-136.00,-137.00,-3160.000,-128.000,-16712.000,-17.3,0.0,-5.2
$IMU,1210.00,-97.00,-137.00,-3168.000,-120.000,-16684.000,-17.3,0.0,-5.2
$IMU,1198.00,-79.00,-141.00,-3176.000,-80.000,-16712.000,-17.3,0.0,-5.2
$IMU,1213.00,-114.00,-163.00,-3176.000,-184.000,-16748.000,-17.3,0.0,-5.2
$COLOR,157,53.8,52.8,55.4
$BUTTON,0,0
$IMU,1184.00,-105.00,-131.00,-3152.000,-84.000,-16720.000,-17.3,0.0,-5.2
$IMU,1181.00,-115.00,-128.00,-3168.000,-144.000,-16680.000,-17.3,0.0,-5.2
$IMU,1226.00,-98.00,-142.00,-3180.000,-120.000,-16672.000,-17.3,0.0,-5.2
$IMU,1211.00,-119.00,-145.00,-3188.000,-76.000,-16660.000,-17.3,0.0,-5.2
$ADC,48.7,50.0,100.0,99.9
$IMU,1210.00,-98.00,-154.00,-3244.000,-144.000,-16708.000,-17.3,0.0,-5.2
$DIST,3501,229,206,898
$IMU,1221.00,-117.00,-146.00,-3228.000,-60.000,-16684.000,-17.3,0.0,-5.2
$IMU,1226.00,-120.00,-137.00,-3164.000,-64.000,-16792.000,-17.3,0.0,-5.2
$IMU,1191.00,-111.00,-160.00,-3204.000,-84.000,-16692.000,-17.3,0.0,-5.2
$IMU,1220.00,-102.00,-138.00,-3096.000,-140.000,-16732.000,-17.3,0.0,-5.2
$IMU,1234.00,-112.00,-128.00,-3192.000,-152.000,-16660.000,-17.3,0.0,-5.2
$IMU,1201.00,-110.00,-150.00,-3176.000,-188.000,-16712.000,-17.3,0.0,-5.2
$IMU,1212.00,-107.00,-125.00,-3236.000,-132.000,-16664.000,-17.3,0.0,-5.2
$IMU,1194.00,-106.00,-151.00,-3160.000,-124.000,-16724.000,-17.3,0.0,-5.2
$IMU,1209.00,-108.00,-147.00,-3172.000,-36.000,-16816.000,-17.3,0.0,-5.2
$IMU,1227.00,-115.00,-147.00,-3228.000,-132.000,-16780.000,-17.3,0.0,-5.2
$COLOR,157,53.8,52.8,55.4
$BUTTON,0,0
$IMU,1187.00,-115.00,-155.00,-3136.000,-148.000,-16716.000,-17.3,0.0,-5.2
$IMU,1239.00,-132.00,-164.00,-3228.000,-148.000,-16808.000,-17.3,0.0,-5.2
$IMU,1219.00,-108.00,-149.00,-3192.000,-100.000,-16756.000,-17.3,0.0,-5.2
$IMU,1232.00,-80.00,-156.00,-3152.000,-100.000,-16752.000,-17.3,0.0,-5.2
$ADC,48.7,50.0,99.9,99.8
$IMU,1199.00,-118.00,-133.00,-3148.000,-76.000,-16736.000,-17.3,0.0,-5.2
$DIST,3501,230,204,905
$IMU,1204.00,-114.00,-141.00,-3156.000,-96.000,-16716.000,-17.3,0.0,-5.2
$IMU,1240.00,-127.00,-157.00,-3152.000,-76.000,-16680.000,-17.3,0.0,-5.2
$IMU,1202.00,-114.00,-172.00,-3136.000,-140.000,-16740.000,-17.3,0.0,-5.2
$IMU,1209.00,-104.00,-150.00,-3160.000,-136.000,-16616.000,-17.3,0.0,-5.2
$IMU,1202.00,-110.00,-130.00,-3152.000,-160.000,-16840.000,-17.3,0.0,-5.2
$IMU,1210.00,-100.00,-140.00,-3240.000,-152.000,-16680.000,-17.3,0.0,-5.2
$IMU,1208.00,-125.00,-125.00,-3208.000,-88.000,-16776.000,-17.3,0.0,-5.2
$IMU,1234.00,-84.00,-160.00,-3160.000,-176.000,-16724.000,-17.3,0.0,-5.2
$IMU,1208.00,-94.00,-132.00,-3212.000,-104.000,-16820.000,-17.3,0.0,-5.2
$IMU,1182.00,-123.00,-139.00,-3132.000,-116.000,-16688.000,-17.3,0.0,-5.2
$COLOR,157,53.8,52.8,55.4
$BUTTON,0,0
$IMU,1240.00,-126.00,-135.00,-3132.000,-72.000,-16744.000,-17.3,0.0,-5.2
$IMU,1226.00,-120.00,-152.00,-3192.000,-112.000,-16624.000,-17.3,0.0,-5.2
$IMU,1219.00,-99.00,-160.00,-3156.000,-104.000,-16732.000,-17.3,0.0,-5.2
$IMU,1184.00,-77.00,-167.00,-3188.000,-164.000,-16636.000,-17.3,0.0,-5.2
$ADC,48.7,50.0,99.9,99.8
$IMU,1238.00,-100.00,-143.00,-3200.000,-132.000,-16684.000,-17.3,0.0,-5.2
$DIST,3501,223,203,868
$IMU,1194.00,-117.00,-147.00,-3176.000,-148.000,-16736.000,-17.3,0.0,-5.2
$IMU,1227.00,-88.00,-168.00,-3212.000,-132.000,-16840.000,-17.3,0.0,-5.2
$IMU,1217.00,-128.00,-141.00,-3192.000,-168.000,-16856.000,-17.3,0.0,-5.2
$IMU,1217.00,-113.00,-123.00,-3224.000,-140.000,-16752.000,-17.3,0.0,-5.2
$IMU,1190.00,-126.00,-135.00,-3232.000,-104.000,-16700.000,-17.3,0.0,-5.2
$IMU,1227.00,-96.00,-163.00,-3204.000,-44.000,-16788.000,-17.3,0.0,-5.2
$IMU,1238.00,-127.00,-150.00,-3176.000,-120.000,-16596.000,-17.3,0.0,-5.2
$IMU,1184.00,-112.00,-140.00,-3212.000,-144.000,-16732.000,-17.3,0.0,-5.2
$IMU,1195.00,-104.00,-142.00,-3164.000,-108.000,-16652.000,-17.3,0.0,-5.2
$IMU,1227.00,-109.00,-154.00,-3172.000,-72.000,-16736.000,-17.3,0.0,-5.2
$COLOR,157,53.8,52.8,55.4
$BUTTON,0,0
$IMU,1230.00,-127.00,-151.00,-3140.000,-128.000,-16712.000,-17.3,0.0,-5.2
$IMU,1238.00,-95.00,-157.00,-3196.000,-176.000,-16728.000,-17.3,0.0,-5.2
$IMU,1178.00,-89.00,-153.00,-3196.000,-168.000,-16680.000,-17.3,0.0,-5.2
$IMU,1233.00,-113.00,-148.00,-3140.000,-168.000,-16664.000,-17.3,0.0,-5.2
$ADC,48.7,50.0,99.9,99.9
$IMU,1210.00,-88.00,-151.00,-3168.000,-148.000,-16724.000,-17.3,0.0,-5.2
$DIST,3501,226,203,855
$IMU,1219.00,-116.00,-164.00,-3192.000,-168.000,-16792.000,-17.3,0.0,-5.2
$IMU,1222.00,-107.00,-157.00,-3184.000,-128.000,-16772.000,-17.3,0.0,-5.2
$IMU,1221.00,-90.00,-145.00,-3204.000,-84.000,-16652.000,-17.3,0.0,-5.2
$IMU,1219.00,-116.00,-124.00,-3104.000,-108.000,-16692.000,-17.3,0.0,-5.2
$IMU,1243.00,-123.00,-135.00,-3244.000,-172.000,-16892.000,-17.3,0.0,-5.2
$IMU,1178.00,-112.00,-167.00,-3160.000,-56.000,-16576.000,-17.3,0.0,-5.2
$IMU,1222.00,-107.00,-144.00,-3136.000,-76.000,-16744.000,-17.3,0.0,-5.2
$IMU,1210.00,-124.00,-153.00,-3268.000,-100.000,-16788.000,-17.3,0.0,-5.2
$IMU,1214.00,-118.00,-154.00,-3208.000,-168.000,-16812.000,-17.3,0.0,-5.2
$IMU,1192.00,-107.00,-154.00,-3148.000,-124.000,-16620.000,-17.3,0.0,-5.2
$COLOR,157,53.8,52.8,55.4
$BUTTON,0,0
$IMU,1201.00,-112.00,-154.00,-3220.000,-140.000,-16688.000,-17.3,0.0,-5.2
$IMU,1221.00,-114.00,-145.00,-3208.000,-136.000,-16744.000,-17.3,0.0,-5.2
$IMU,1210.00,-93.00,-137.00,-3176.000,-100.000,-16632.000,-17.3,0.0,-5.2
$IMU,1202.00,-100.00,-152.00,-3220.000,-152.000,-16672.000,-17.3,0.0,-5.2
$ADC,48.7,50.0,99.9,99.8
$IMU,1229.00,-103.00,-151.00,-3244.000,-80.000,-16696.000,-17.3,0.0,-5.2
$DIST,3501,230,201,877
$IMU,1209.00,-98.00,-156.00,-3232.000,-180.000,-16780.000,-17.3,0.0,-5.2
$IMU,1217.00,-147.00,-166.00,-3176.000,-136.000,-16724.000,-17.3,0.0,-5.2
$IMU,1198.00,-98.00,-155.00,-3220.000,-120.000,-16796.000,-17.3,0.0,-5.2
$IMU,1216.00,-100.00,-137.00,-3168.000,-168.000,-16668.000,-17.3,0.0,-5.2
$IMU,1243.00,-113.00,-150.00,-3156.000,-200.000,-16728.000,-17.3,0.0,-5.2
$IMU,1194.00,-109.00,-151.00,-3168.000,-184.000,-16588.000,-17.3,0.0,-5.2
$IMU,1200.00,-112.00,-166.00,-3176.000,-172.000,-16756.000,-17.3,0.0,-5.2
$IMU,1222.00,-98.00,-165.00,-3176.000,-100.000,-16732.000,-17.3,0.0,-5.2
$IMU,1221.00,-100.00,-142.00,-3188.000,-108.000,-16680.000,-17.3,0.0,-5.2
$IMU,1217.00,-90.00,-164.00,-3240.000,-116.000,-16744.000,-17.3,0.0,-5.2
$COLOR,157,53.8,52.8,55.4
$BUTTON,0,0
$IMU,1233.00,-96.00,-139.00,-3192.000,-132.000,-16716.000,-17.3,0.0,-5.2
$IMU,1210.00,-110.00,-139.00,-3092.000,-116.000,-16756.000,-17.3,0.0,-5.2
$IMU,1221.00,-110.00,-133.00,-3184.000,-176.000,-16764.000,-17.3,0.0,-5.2
$IMU,1205.00,-117.00,-160.00,-3212.000,-76.000,-16756.000,-17.3,0.0,-5.2
$ADC,48.7,50.0,99.9,99.9
$IMU,1200.00,-120.00,-159.00,-3144.000,-80.000,-16588.000,-17.3,0.0,-5.2
$DIST,3501,226,206,876
$IMU,1226.00,-149.00,-146.00,-3168.000,-112.000,-16716.000,-17.3,0.0,-5.2
$IMU,1231.00,-90.00,-140.00,-3204.000,-104.000,-16752.000,-17.3,0.0,-5.2
$IMU,1215.00,-113.00,-155.00,-3180.000,-152.000,-16712.000,-17.3,0.0,-5.2
$IMU,1245.00,-103.00,-172.00,-3188.000,-144.000,-16744.000,-17.3,0.0,-5.2
$IMU,1234.00,-95.00,-120.00,-3196.000,-116.000,-16724.000,-17.3,0.0,-5.2
$IMU,1211.00,-106.00,-150.00,-3140.000,-120.000,-16760.000,-17.3,0.0,-5.2
$IMU,1194.00,-115.00,-137.00,-3188.000,-68.000,-16700.000,-17.3,0.0,-5.2
$IMU,1198.00,-116.00,-157.00,-3148.000,-60.000,-16644.000,-17.3,0.0,-5.2
$IMU,1210.00,-113.00,-130.00,-3248.000,-188.000,-16688.000,-17.3,0.0,-5.2
$IMU,1181.00,-102.00,-140.00,-3176.000,-116.000,-16620.000,-17.3,0.0,-5.2
$COLOR,156,53.7,52.7,55.5
$BUTTON,0,0
$IMU,1216.00,-117.00,-115.00,-3212.000,-180.000,-16792.000,-17.3,0.0,-5.2
$IMU,1188.00,-83.00,-136.00,-3120.000,-124.000,-16784.000,-17.3,0.0,-5.2
$IMU,1234.00,-108.00,-150.00,-3196.000,-132.000,-16764.000,-17.3,0.0,-5.2
$IMU,1170.00,-98.00,-168.00,-3168.000,-112.000,-16744.000,-17.3,0.0,-5.2
$ADC,48.7,50.0,99.9,99.9
$IMU,1204.00,-110.00,-164.00,-3172.000,-100.000,-16772.000,-17.3,0.0,-5.2
$DIST,3501,227,206,884
$IMU,1213.00,-109.00,-151.00,-3212.000,-112.000,-16704.000,-17.3,0.0,-5.2
$IMU,1228.00,-131.00,-161.00,-3200.000,-160.000,-16636.000,-17.3,0.0,-5.2
$IMU,1228.00,-112.00,-147.00,-3252.000,-160.000,-16692.000,-17.3,0.0,-5.2
$IMU,1219.00,-135.00,-153.00,-3252.000,-152.000,-16780.000,-17.3,0.0,-5.2
$IMU,1196.00,-95.00,-147.00,-3244.000,-140.000,-16664.000,-17.3,0.0,-5.2
$IMU,1201.00,-94.00,-130.00,-3200.000,-148.000,-16692.000,-17.3,0.0,-5.2
$IMU,1226.00,-112.00,-133.00,-3144.000,-116.000,-16724.000,-17.3,0.0,-5.2
$IMU,1213.00,-108.00,-153.00,-3236.000,-152.000,-16812.000,-17.3,0.0,-5.2
$IMU,1234.00,-104.00,-168.00,-3212.000,-160.000,-16696.000,-17.3,0.0,-5.2
$IMU,1187.00,-108.00,-151.00,-3188.000,-132.000,-16672.000,-17.3,0.0,-5.2
$COLOR,156,53.7,52.7,55.5
$BUTTON,0,0
$IMU,1226.00,-106.00,-150.00,-3212.000,-112.000,-16728.000,-17.3,0.0,-5.2
$IMU,1211.00,-116.00,-157.00,-3176.000,-116.000,-16668.000,-17.3,0.0,-5.2
$IMU,1241.00,-108.00,-144.00,-3188.000,-100.000,-16692.000,-17.3,0.0,-5.2
$IMU,1207.00,-121.00,-148.00,-3168.000,-68.000,-16620.000,-17.3,0.0,-5.2
$ADC,48.7,50.0,99.9,99.9
$IMU,1208.00,-101.00,-140.00,-3180.000,-136.000,-16668.000,-17.3,0.0,-5.2
$DIST,3501,225,202,894
$IMU,1219.00,-99.00,-122.00,-3184.000,-68.000,-16744.000,-17.3,0.0,-5.2
$IMU,1243.00,-87.00,-126.00,-3176.000,-116.000,-16748.000,-17.3,0.0,-5.2
$IMU,1217.00,-120.00,-149.00,-3204.000,-184.000,-16664.000,-17.3,0.0,-5.2
$IMU,1229.00,-109.00,-133.00,-3224.000,-84.000,-16656.000,-17.3,0.0,-5.2
$IMU,1223.00,-100.00,-160.00,-3216.000,-188.000,-16696.000,-17.3,0.0,-5.2
$IMU,1219.00,-107.00,-159.00,-3160.000,-168.000,-16700.000,-17.3,0.0,-5.2
$IMU,1238.00,-117.00,-139.00,-3188.000,-148.000,-16724.000,-17.3,0.0,-5.2
$IMU,1218.00,-94.00,-172.00,-3164.000,-112.000,-16684.000,-17.3,0.0,-5.2
$IMU,1207.00,-77.00,-166.00,-3148.000,-136.000,-16628.000,-17.3,0.0,-5.2
$IMU,1194.00,-109.00,-157.00,-3216.000,-96.000,-16712.000,-17.3,0.0,-5.2
$COLOR,156,53.7,52.7,55.5
$BUTTON,0,0
$IMU,1218.00,-115.00,-132.00,-3124.000,-80.000,-16756.000,-17.3,0.0,-5.2
$IMU,1218.00,-98.00,-141.00,-3204.000,-176.000,-16716.000,-17.3,0.0,-5.2
$IMU,1221.00,-107.00,-137.00,-3172.000,-92.000,-16608.000,-17.3,0.0,-5.2
$IMU,1234.00,-114.00,-170.00,-3172.000,-140.000,-16644.000,-17.3,0.0,-5.2
$ADC,48.7,50.0,99.9,99.9
$IMU,1216.00,-96.00,-147.00,-3228.000,-124.000,-16700.000,-17.3,0.0,-5.2
$DIST,3501,229,202,897
$IMU,1207.00,-90.00,-157.00,-3140.000,-100.000,-16760.000,-17.3,0.0,-5.2
$IMU,1221.00,-107.00,-149.00,-3212.000,-144.000,-16684.000,-17.3,0.0,-5.2
$IMU,1213.00,-100.00,-143.00,-3224.000,-164.000,-16680.000,-17.3,0.1,-5.2
$IMU,1212.00,-120.00,-159.00,-3136.000,-152.000,-16668.000,-17.3,0.0,-5.2
$IMU,1244.00,-113.00,-157.00,-3196.000,-144.000,-16636.000,-17.3,0.0,-5.2
$IMU,1212.00,-104.00,-147.00,-3196.000,-120.000,-16744.000,-17.3,0.0,-5.2
$IMU,1223.00,-99.00,-129.00,-3228.000,-136.000,-16728.000,-17.3,0.1,-5.2
$IMU,1197.00,-87.00,-139.00,-3196.000,-160.000,-16696.000,-17.3,0.1,-5.2
$IMU,1218.00,-119.00,-129.00,-3168.000,-112.000,-16696.000,-17.3,0.1,-5.2
$IMU,1210.00,-109.00,-146.00,-3148.000,-168.000,-16740.000,-17.3,0.0,-5.2
$COLOR,156,53.7,52.7,55.5
$BUTTON,0,0
$IMU,1214.00,-102.00,-136.00,-3200.000,-112.000,-16728.000,-17.3,0.0,-5.2
$IMU,1197.00,-100.00,-127.00,-3172.000,-108.000,-16752.000,-17.3,0.0,-5.2
$IMU,1222.00,-103.00,-150.00,-3224.000,-128.000,-16768.000,-17.3,0.1,-5.2
$IMU,1193.00,-131.00,-144.00,-3124.000,-96.000,-16716.000,-17.3,0.0,-5.2
$ADC,48.7,50.0,99.9,99.9
$IMU,1208.00,-86.00,-144.00,-3092.000,-164.000,-16764.000,-17.3,0.0,-5.2
$DIST,3501,224,206,895
$IMU,1255.00,-132.00,-140.00,-3176.000,-144.000,-16692.000,-17.3,0.0,-5.2
$IMU,1190.00,-89.00,-139.00,-3196.000,-160.000,-16612.000,-17.3,0.0,-5.2
$IMU,1228.00,-111.00,-136.00,-3200.000,-80.000,-16668.000,-17.3,0.0,-5.2
$IMU,1234.00,-116.00,-148.00,-3168.000,-160.000,-16648.000,-17.3,0.0,-5.2
$IMU,1234.00,-103.00,-143.00,-3176.000,-112.000,-16704.000,-17.3,0.0,-5.2
$IMU,1210.00,-87.00,-130.00,-3132.000,-148.000,-16624.000,-17.3,0.0,-5.2
$IMU,1212.00,-140.00,-135.00,-3160.000,-132.000,-16700.000,-17.3,0.0,-5.2
$IMU,1237.00,-109.00,-138.00,-3148.000,-100.000,-16724.000,-17.3,0.0,-5.2
$IMU,1211.00,-94.00,-185.00,-3180.000,-152.000,-16736.000,-17.3,0.0,-5.2
$IMU,1207.00,-107.00,-158.00,-3184.000,-164.000,-16696.000,-17.3,0.0,-5.2
$COLOR,155,53.6,52.7,55.6
$BUTTON,0,0
$IMU,1226.00,-94.00,-145.00,-3196.000,-136.000,-16736.000,-17.3,0.0,-5.2
$IMU,1213.00,-130.00,-142.00,-3220.000,-128.000,-16732.000,-17.3,0.0,-5.2
$IMU,1204.00,-99.00,-148.00,-3220.000,-148.000,-16692.000,-17.3,0.0,-5.2
$IMU,1210.00,-92.00,-119.00,-3164.000,-28.000,-16684.000,-17.3,0.0,-5.2
$ADC,48.7,50.0,99.9,99.9
$IMU,1213.00,-113.00,-151.00,-3140.000,-132.000,-16724.000,-17.3,0.0,-5.2
$DIST,3501,226,204,865
$IMU,1218.00,-96.00,-139.00,-3148.000,-104.000,-16588.000,-17.3,0.0,-5.2
$IMU,1187.00,-95.00,-141.00,-3192.000,-140.000,-16732.000,-17.3,0.0,-5.2
$IMU,1218.00,-98.00,-135.00,-3160.000,-88.000,-16652.000,-17.3,0.0,-5.2
$IMU,1222.00,-100.00,-119.00,-3140.000,-212.000,-16680.000,-17.3,0.0,-5.2
$IMU,1193.00,-91.00,-133.00,-3216.000,-120.000,-16740.000,-17.3,0.0,-5.2
$IMU,1219.00,-122.00,-143.00,-3156.000,-72.000,-16672.000,-17.3,0.0,-5.2
$IMU,1225.00,-78.00,-164.00,-3160.000,-136.000,-16652.000,-17.3,0.0,-5.2
$IMU,1218.00,-112.00,-170.00,-3200.000,-84.000,-16664.000,-17.3,0.0,-5.2
$IMU,1218.00,-105.00,-135.00,-3212.000,-124.000,-16748.000,-17.3,0.0,-5.2
$IMU,1219.00,-125.00,-126.00,-3172.000,-100.000,-16688.000,-17.3,0.0,-5.2
$COLOR,156,53.7,52.7,55.6
$BUTTON,0,0
$IMU,1196.00,-124.00,-153.00,-3172.000,-120.000,-16768.000,-17.3,0.0,-5.2
$IMU,1174.00,-136.00,-156.00,-3196.000,-164.000,-16760.000,-17.3,0.0,-5.2
$IMU,1203.00,-107.00,-151.00,-3228.000,-48.000,-16788.000,-17.3,0.0,-5.2
$IMU,1226.00,-111.00,-149.00,-3156.000,-152.000,-16612.000,-17.3,0.0,-5.2
$ADC,48.7,50.0,99.9,99.9
$IMU,1226.00,-128.00,-129.00,-3164.000,-148.000,-16772.000,-17.3,0.0,-5.2
$DIST,3501,223,206,863
$IMU,1217.00,-122.00,-152.00,-3120.000,-72.000,-16696.000,-17.3,0.0,-5.2
$IMU,1210.00,-116.00,-144.00,-3148.000,-100.000,-16696.000,-17.3,0.0,-5.2
$IMU,1216.00,-102.00,-183.00,-3200.000,-148.000,-16600.000,-17.3,0.0,-5.2
$IMU,1205.00,-120.00,-169.00,-3188.000,-132.000,-16808.000,-17.3,0.0,-5.2
$IMU,1215.00,-116.00,-147.00,-3212.000,-92.000,-16636.000,-17.3,0.0,-5.2
$IMU,1220.00,-126.00,-154.00,-3192.000,-184.000,-16696.000,-17.3,0.0,-5.2
$IMU,1209.00,-111.00,-157.00,-3208.000,-116.000,-16836.000,-17.3,0.0,-5.2
$IMU,1196.00,-120.00,-169.00,-3268.000,-124.000,-16672.000,-17.3,0.0,-5.2
$IMU,1170.00,-115.00,-129.00,-3168.000,-132.000,-16628.000,-17.3,0.0,-5.2
$IMU,1224.00,-113.00,-162.00,-3216.000,-96.000,-16780.000,-17.3,0.0,-5.2
$COLOR,157,53.8,52.8,55.5
$BUTTON,0,0
$IMU,1239.00,-147.00,-163.00,-3228.000,-112.000,-16708.000,-17.3,0.0,-5.2
$IMU,1241.00,-131.00,-171.00,-3156.000,-104.000,-16704.000,-17.3,0.0,-5.2
$IMU,1207.00,-131.00,-155.00,-3200.000,-132.000,-16684.000,-17.3,0.0,-5.2
$IMU,1216.00,-108.00,-137.00,-3136.000,-124.000,-16768.000,-17.3,0.0,-5.2
$ADC,48.7,50.0,99.9,99.9
$IMU,1229.00,-109.00,-148.00,-3200.000,-144.000,-16732.000,-17.3,0.0,-5.2
$DIST,3501,229,205,863
$IMU,1232.00,-122.00,-171.00,-3188.000,-124.000,-16672.000,-17.3,0.0,-5.2
$IMU,1191.00,-103.00,-157.00,-3184.000,-92.000,-16700.000,-17.3,0.0,-5.2
$IMU,1217.00,-96.00,-157.00,-3168.000,-148.000,-16708.000,-17.3,0.0,-5.2
$IMU,1251.00,-110.00,-154.00,-3260.000,-180.000,-16828.000,-17.3,0.0,-5.2
$IMU,1198.00,-127.00,-145.00,-3124.000,-120.000,-16676.000,-17.3,0.0,-5.2
$IMU,1250.00,-127.00,-153.00,-3172.000,-68.000,-16664.000,-17.3,0.0,-5.2
$IMU,1222.00,-110.00,-154.00,-3188.000,-188.000,-16688.000,-17.3,0.0,-5.2
$IMU,1217.00,-107.00,-141.00,-3176.000,-144.000,-16704.000,-17.3,0.0,-5.2
$IMU,1202.00,-86.00,-165.00,-3168.000,-160.000,-16716.000,-17.3,0.0,-5.2
$IMU,1218.00,-95.00,-147.00,-3204.000,-92.000,-16684.000,-17.3,0.0,-5.2
$COLOR,156,53.7,52.7,55.6
$BUTTON,0,0
$IMU,1219.00,-107.00,-151.00,-3168.000,-116.000,-16788.000,-17.3,0.0,-5.2
$IMU,1221.00,-91.00,-162.00,-3140.000,-152.000,-16608.000,-17.3,0.0,-5.2
$IMU,1225.00,-97.00,-149.00,-3168.000,-96.000,-16680.000,-17.3,0.0,-5.2
$IMU,1216.00,-92.00,-178.00,-3188.000,-116.000,-16652.000,-17.3,0.0,-5.2
$ADC,48.7,50.0,99.9,99.9
$IMU,1208.00,-114.00,-145.00,-3172.000,-124.000,-16776.000,-17.3,0.0,-5.2
$DIST,3501,227,204,919
$IMU,1247.00,-144.00,-101.00,-3216.000,-132.000,-16688.000,-17.3,0.0,-5.2
$IMU,1222.00,-89.00,-155.00,-3132.000,-152.000,-16744.000,-17.3,0.0,-5.2
$IMU,1190.00,-99.00,-162.00,-3140.000,-116.000,-16688.000,-17.3,0.0,-5.2
$IMU,1220.00,-115.00,-151.00,-3208.000,-132.000,-16768.000,-17.3,0.0,-5.2
$IMU,1195.00,-98.00,-147.00,-3168.000,-208.000,-16696.000,-17.3,0.0,-5.2
$IMU,1209.00,-83.00,-145.00,-3168.000,-156.000,-16768.000,-17.3,0.0,-5.2
$IMU,1208.00,-127.00,-158.00,-3084.000,-116.000,-16700.000,-17.3,0.0,-5.2
$IMU,1221.00,-125.00,-147.00,-3192.000,-72.000,-16656.000,-17.3,0.0,-5.2
$IMU,1225.00,-101.00,-136.00,-3296.000,-76.000,-16628.000,-17.3,0.0,-5.2
$IMU,1235.00,-102.00,-148.00,-3192.000,-108.000,-16764.000,-17.3,0.0,-5.2
$COLOR,157,53.7,52.7,55.4
$BUTTON,0,0
$IMU,1222.00,-96.00,-139.00,-3212.000,-144.000,-16616.000,-17.3,0.0,-5.2
$IMU,1218.00,-89.00,-135.00,-3212.000,-92.000,-16756.000,-17.3,0.0,-5.2
$IMU,1196.00,-96.00,-155.00,-3152.000,-100.000,-16640.000,-17.3,0.0,-5.2
$IMU,1226.00,-115.00,-152.00,-3220.000,-144.000,-16568.000,-17.3,0.0,-5.2
$ADC,48.7,50.0,99.9,99.9
$IMU,1208.00,-100.00,-114.00,-3100.000,-144.000,-16672.000,-17.3,0.0,-5.2
$DIST,3501,226,201,840
$IMU,1232.00,-90.00,-171.00,-3244.000,-116.000,-16612.000,-17.3,0.0,-5.2
$IMU,1222.00,-104.00,-156.00,-3188.000,-80.000,-16676.000,-17.3,0.0,-5.2
$IMU,1202.00,-109.00,-165.00,-3168.000,-152.000,-16692.000,-17.3,0.0,-5.2
$IMU,1214.00,-104.00,-169.00,-3232.000,-100.000,-16664.000,-17.3,0.0,-5.2
$IMU,1180.00,-115.00,-121.00,-3248.000,-144.000,-16744.000,-17.3,0.0,-5.2
$IMU,1197.00,-105.00,-142.00,-3168.000,-100.000,-16772.000,-17.3,0.0,-5.2
$IMU,1199.00,-95.00,-140.00,-3228.000,-136.000,-16704.000,-17.3,0.0,-5.2
$IMU,1238.00,-96.00,-142.00,-3232.000,-76.000,-16624.000,-17.3,0.1,-5.2
$IMU,1194.00,-130.00,-125.00,-3180.000,-48.000,-16716.000,-17.3,0.0,-5.2
$IMU,1188.00,-99.00,-137.00,-3160.000,-180.000,-16776.000,-17.3,0.0,-5.2
$COLOR,157,53.8,52.8,55.5
$BUTTON,0,0
$IMU,1227.00,-112.00,-149.00,-3176.000,-128.000,-16700.000,-17.3,0.0,-5.2
$IMU,1207.00,-123.00,-152.00,-3172.000,-144.000,-16724.000,-17.3,0.0,-5.2
$IMU,1237.00,-105.00,-135.00,-3228.000,-104.000,-16772.000,-17.3,0.0,-5.2
$IMU,1235.00,-114.00,-159.00,-3172.000,-172.000,-16792.000,-17.3,0.0,-5.2
$ADC,48.7,50.0,99.9,99.9
$IMU,1204.00,-120.00,-166.00,-3152.000,-120.000,-16696.000,-17.3,0.0,-5.2
$DIST,3501,229,209,897
$IMU,1201.00,-117.00,-138.00,-3208.000,-112.000,-16756.000,-17.3,0.0,-5.2
$IMU,1204.00,-101.00,-154.00,-3096.000,-176.000,-16728.000,-17.3,0.0,-5.2
$IMU,1218.00,-94.00,-149.00,-3180.000,-92.000,-16760.000,-17.3,0.0,-5.2
$IMU,1209.00,-98.00,-140.00,-3176.000,-148.000,-16744.000,-17.3,0.0,-5.2
$IMU,1204.00,-98.00,-153.00,-3164.000,-156.000,-16716.000,-17.3,0.0,-5.2
$IMU,1183.00,-110.00,-131.00,-3160.000,-128.000,-16812.000,-17.3,0.0,-5.2
$IMU,1234.00,-108.00,-164.00,-3180.000,-100.000,-16700.000,-17.3,0.0,-5.2
$IMU,1182.00,-106.00,-145.00,-3180.000,-180.000,-16824.000,-17.3,0.0,-5.2
$IMU,1212.00,-92.00,-149.00,-3108.000,-184.000,-16756.000,-17.3,0.0,-5.2
$IMU,1228.00,-126.00,-149.00,-3180.000,-160.000,-16632.000,-17.3,0.0,-5.2
$COLOR,158,53.8,52.8,55.4
$BUTTON,0,0
$IMU,1190.00,-98.00,-152.00,-3224.000,-180.000,-16780.000,-17.3,0.0,-5.2
$IMU,1218.00,-123.00,-147.00,-3188.000,-100.000,-16736.000,-17.3,0.0,-5.2
$IMU,1231.00,-105.00,-134.00,-3156.000,-80.000,-16704.000,-17.3,0.0,-5.2
$IMU,1220.00,-107.00,-146.00,-3172.000,-108.000,-16712.000,-17.3,0.0,-5.2
$ADC,48.7,50.0,99.9,99.9
$IMU,1238.00,-108.00,-139.00,-3216.000,-160.000,-16728.000,-17.3,0.0,-5.2
$DIST,3501,228,207,891
$IMU,1221.00,-100.00,-155.00,-3172.000,-124.000,-16736.000,-17.3,0.0,-5.2
$IMU,1231.00,-109.00,-149.00,-3204.000,-96.000,-16708.000,-17.3,0.0,-5.2
$IMU,1230.00,-119.00,-155.00,-3224.000,-128.000,-16696.000,-17.3,0.0,-5.2
$IMU,1225.00,-96.00,-133.00,-3176.000,-176.000,-16756.000,-17.3,0.0,-5.2
$IMU,1225.00,-114.00,-140.00,-3164.000,-96.000,-16736.000,-17.3,0.0,-5.2
$IMU,1200.00,-89.00,-128.00,-3204.000,-128.000,-16776.000,-17.3,0.0,-5.2
$IMU,1205.00,-94.00,-151.00,-3172.000,-116.000,-16708.000,-17.3,0.0,-5.2
$IMU,1204.00,-110.00,-157.00,-3120.000,-52.000,-16648.000,-17.3,0.0,-5.2
$IMU,1253.00,-96.00,-141.00,-3192.000,-108.000,-16692.000,-17.3,0.0,-5.2
$IMU,1213.00,-101.00,-174.00,-3184.000,-108.000,-16712.000,-17.3,0.0,-5.2
$COLOR,157,53.8,52.8,55.5
$BUTTON,0,0
$IMU,1206.00,-100.00,-138.00,-3188.000,-100.000,-16756.000,-17.3,0.0,-5.2
$IMU,1211.00,-101.00,-151.00,-3140.000,-108.000,-16692.000,-17.3,0.0,-5.2
$IMU,1219.00,-102.00,-146.00,-3176.000,-76.000,-16664.000,-17.3,0.0,-5.2
$IMU,1192.00,-110.00,-125.00,-3260.000,-148.000,-16716.000,-17.3,0.0,-5.2
$ADC,48.7,50.0,99.9,99.9
$IMU,1197.00,-110.00,-144.00,-3192.000,-116.000,-16704.000,-17.3,0.0,-5.2
$DIST,3501,228,207,877
$IMU,1239.00,-96.00,-167.00,-3136.000,-140.000,-16768.000,-17.3,0.0,-5.2
$IMU,1259.00,-105.00,-145.00,-3188.000,-100.000,-16732.000,-17.3,0.0,-5.2
$IMU,1197.00,-89.00,-148.00,-3196.000,-144.000,-16640.000,-17.3,0.0,-5.2
$IMU,1189.00,-101.00,-154.00,-3152.000,-156.000,-16684.000,-17.3,0.0,-5.2
$IMU,1211.00,-104.00,-163.00,-3152.000,-132.000,-16776.000,-17.3,0.0,-5.2
$IMU,1208.00,-114.00,-146.00,-3164.000,-96.000,-16696.000,-17.3,0.0,-5.2
$IMU,1200.00,-102.00,-157.00,-3140.000,-180.000,-16696.000,-17.3,0.0,-5.2
$IMU,1195.00,-114.00,-132.00,-3208.000,-116.000,-16816.000,-17.3,0.0,-5.2
$IMU,1218.00,-132.00,-157.00,-3140.000,-128.000,-16664.000,-17.3,0.0,-5.2
$IMU,1204.00,-116.00,-143.00,-3176.000,-140.000,-16684.000,-17.3,0.0,-5.2
$COLOR,157,53.8,52.8,55.5
$BUTTON,0,0
$IMU,1220.00,-119.00,-159.00,-3180.000,-132.000,-16688.000,-17.3,0.0,-5.2
$IMU,1224.00,-112.00,-146.00,-3212.000,-156.000,-16720.000,-17.3,0.0,-5.2
$IMU,1212.00,-114.00,-136.00,-3168.000,-64.000,-16696.000,-17.3,0.0,-5.2
$IMU,1209.00,-92.00,-149.00,-3132.000,-136.000,-16752.000,-17.3,0.0,-5.2
$ADC,48.7,50.0,99.9,99.9
$IMU,1185.00,-83.00,-151.00,-3168.000,-132.000,-16736.000,-17.3,0.0,-5.2
$DIST,3501,225,206,867
$IMU,1181.00,-110.00,-140.00,-3204.000,-148.000,-16760.000,-17.3,0.0,-5.2
$IMU,1230.00,-127.00,-134.00,-3184.000,-120.000,-16816.000,-17.3,0.0,-5.2
$IMU,1220.00,-94.00,-151.00,-3156.000,-136.000,-16760.000,-17.3,0.0,-5.2
$IMU,1230.00,-75.00,-169.00,-3168.000,-60.000,-16732.000,-17.3,0.0,-5.2
$IMU,1222.00,-111.00,-155.00,-3176.000,-120.000,-16740.000,-17.3,0.0,-5.2
$IMU,1220.00,-115.00,-150.00,-3172.000,-140.000,-16596.000,-17.3,0.0,-5.2
$IMU,1224.00,-123.00,-143.00,-3076.000,-140.000,-16760.000,-17.3,0.0,-5.2
$IMU,1220.00,-90.00,-176.00,-3176.000,-104.000,-16644.000,-17.3,0.0,-5.2
$IMU,1254.00,-91.00,-147.00,-3136.000,-152.000,-16712.000,-17.3,0.0,-5.2
$IMU,1212.00,-107.00,-135.00,-3128.000,-136.000,-16808.000,-17.3,0.0,-5.2
$COLOR,157,53.8,52.8,55.5
$BUTTON,0,0
$IMU,1220.00,-111.00,-145.00,-3204.000,-56.000,-16596.000,-17.3,0.0,-5.2
$IMU,1227.00,-132.00,-130.00,-3176.000,-84.000,-16732.000,-17.3,0.0,-5.2
$IMU,1237.00,-88.00,-146.00,-3228.000,-204.000,-16700.000,-17.3,0.0,-5.2
$IMU,1190.00,-113.00,-142.00,-3176.000,-92.000,-16784.000,-17.3,0.0,-5.2
$ADC,48.7,50.0,99.9,99.9
$IMU,1209.00,-101.00,-169.00,-3184.000,-148.000,-16792.000,-17.3,0.0,-5.2
$DIST,3501,229,205,895
$IMU,1220.00,-83.00,-142.00,-3220.000,-92.000,-16752.000,-17.3,0.0,-5.2
$IMU,1189.00,-104.00,-142.00,-3160.000,-124.000,-16692.000,-17.3,0.0,-5.2
$IMU,1190.00,-100.00,-138.00,-3168.000,-48.000,-16692.000,-17.3,0.0,-5.1
$IMU,1246.00,-126.00,-168.00,-3136.000,-172.000,-16660.000,-17.3,0.0,-5.2
$IMU,1231.00,-113.00,-142.00,-3180.000,-136.000,-16616.000,-17.3,0.0,-5.2
$IMU,1172.00,-98.00,-140.00,-3172.000,-156.000,-16668.000,-17.3,0.0,-5.1
$IMU,1189.00,-101.00,-128.00,-3228.000,-156.000,-16684.000,-17.3,0.0,-5.1
$IMU,1201.00,-95.00,-163.00,-3188.000,-108.000,-16636.000,-17.3,0.0,-5.1
$IMU,1232.00,-108.00,-162.00,-3152.000,-100.000,-16748.000,-17.3,0.0,-5.2
$IMU,1237.00,-95.00,-180.00,-3088.000,-136.000,-16752.000,-17.3,0.0,-5.2
$COLOR,158,53.8,52.8,55.4
$BUTTON,0,0
$IMU,1205.00,-110.00,-130.00,-3156.000,-140.000,-16588.000,-17.3,0.0,-5.2
$IMU,1200.00,-110.00,-123.00,-3224.000,-144.000,-16684.000,-17.3,0.0,-5.1
$IMU,1209.00,-95.00,-148.00,-3240.000,-112.000,-16716.000,-17.3,0.0,-5.1
$IMU,1218.00,-120.00,-156.00,-3184.000,-108.000,-16636.000,-17.3,0.0,-5.1
$ADC,48.7,50.0,99.8,99.9
$IMU,1227.00,-127.00,-147.00,-3180.000,-204.000,-16828.000,-17.3,0.0,-5.1
$DIST,3501,229,204,881
$IMU,1226.00,-110.00,-139.00,-3172.000,-116.000,-16672.000,-17.3,0.0,-5.1
$IMU,1216.00,-97.00,-140.00,-3180.000,-124.000,-16664.000,-17.3,0.0,-5.1
$IMU,1219.00,-104.00,-167.00,-3196.000,-136.000,-16688.000,-17.3,0.0,-5.1
$IMU,1194.00,-104.00,-153.00,-3176.000,-88.000,-16560.000,-17.3,0.0,-5.1
$IMU,1224.00,-95.00,-124.00,-3192.000,-108.000,-16700.000,-17.3,0.0,-5.1
$IMU,1214.00,-100.00,-120.00,-3132.000,-148.000,-16704.000,-17.3,0.0,-5.1
$IMU,1246.00,-94.00,-167.00,-3200.000,-128.000,-16620.000,-17.3,0.0,-5.1
$IMU,1223.00,-117.00,-136.00,-3200.000,-140.000,-16740.000,-17.3,0.0,-5.1
$IMU,1212.00,-115.00,-158.00,-3168.000,-148.000,-16672.000,-17.3,0.0,-5.1
$IMU,1217.00,-118.00,-153.00,-3208.000,-120.000,-16700.000,-17.3,0.0,-5.1
$COLOR,158,53.8,52.8,55.4
$BUTTON,0,0
$IMU,1228.00,-109.00,-141.00,-3192.000,-196.000,-16704.000,-17.3,0.0,-5.1
$IMU,1215.00,-92.00,-166.00,-3224.000,-112.000,-16768.000,-17.3,0.0,-5.1
$IMU,1252.00,-120.00,-161.00,-3192.000,-156.000,-16728.000,-17.3,0.0,-5.1
$IMU,1206.00,-109.00,-145.00,-3228.000,-128.000,-16708.000,-17.3,0.0,-5.1
$ADC,48.7,50.0,99.9,99.9
$IMU,1225.00,-112.00,-131.00,-3176.000,-168.000,-16644.000,-17.3,0.0,-5.1
$DIST,3501,227,204,869
$IMU,1213.00,-104.00,-160.00,-3228.000,-128.000,-16688.000,-17.3,0.0,-5.1
$IMU,1203.00,-101.00,-112.00,-3184.000,-160.000,-16664.000,-17.3,0.0,-5.1
$IMU,1228.00,-108.00,-148.00,-3160.000,-96.000,-16672.000,-17.3,0.0,-5.1
$IMU,1219.00,-93.00,-115.00,-3160.000,-104.000,-16700.000,-17.3,0.0,-5.1
$IMU,1223.00,-117.00,-143.00,-3184.000,-136.000,-16612.000,-17.3,0.0,-5.1
$IMU,1225.00,-96.00,-149.00,-3204.000,-100.000,-16648.000,-17.3,0.0,-5.1
$IMU,1201.00,-124.00,-144.00,-3072.000,-108.000,-16696.000,-17.3,0.0,-5.1
$IMU,1224.00,-115.00,-169.00,-3132.000,-164.000,-16660.000,-17.3,0.0,-5.1
$IMU,1240.00,-103.00,-154.00,-3196.000,-120.000,-16784.000,-17.3,0.0,-5.1
$IMU,1209.00,-123.00,-167.00,-3248.000,-144.000,-16800.000,-17.3,0.0,-5.1
$COLOR,156,53.6,52.6,55.4
$BUTTON,0,0
$IMU,1227.00,-99.00,-133.00,-3212.000,-112.000,-16668.000,-17.3,0.0,-5.1
$IMU,1215.00,-94.00,-134.00,-3212.000,-116.000,-16716.000,-17.3,0.0,-5.1
$IMU,1224.00,-90.00,-159.00,-3208.000,-156.000,-16700.000,-17.3,0.0,-5.1
$IMU,1205.00,-80.00,-148.00,-3204.000,-168.000,-16664.000,-17.3,0.0,-5.1
$ADC,48.7,50.0,99.9,99.9
$IMU,1229.00,-129.00,-167.00,-3232.000,-48.000,-16776.000,-17.3,0.0,-5.1
$DIST,3501,225,200,841
$IMU,1218.00,-94.00,-175.00,-3204.000,-104.000,-16720.000,-17.3,0.0,-5.1
$IMU,1215.00,-87.00,-127.00,-3200.000,-88.000,-16808.000,-17.3,0.0,-5.1
$IMU,1222.00,-95.00,-160.00,-3140.000,-164.000,-16672.000,-17.3,0.0,-5.1
$IMU,1218.00,-127.00,-162.00,-3172.000,-168.000,-16768.000,-17.3,0.0,-5.1
$IMU,1205.00,-94.00,-178.00,-3200.000,-152.000,-16684.000,-17.3,0.0,-5.1
$IMU,1224.00,-115.00,-151.00,-3148.000,-160.000,-16656.000,-17.3,0.0,-5.1
$IMU,1172.00,-87.00,-161.00,-3208.000,-180.000,-16764.000,-17.3,0.0,-5.1
$IMU,1191.00,-106.00,-162.00,-3208.000,-96.000,-16632.000,-17.3,0.0,-5.1
$IMU,1230.00,-104.00,-151.00,-3164.000,-112.000,-16648.000,-17.3,0.0,-5.1
$IMU,1223.00,-118.00,-158.00,-3240.000,-128.000,-16688.000,-17.3,0.0,-5.2
$COLOR,156,53.6,52.6,55.4
$BUTTON,0,0
$IMU,1225.00,-98.00,-162.00,-3244.000,-128.000,-16636.000,-17.3,0.1,-5.2
$IMU,1206.00,-107.00,-172.00,-3212.000,-160.000,-16732.000,-17.3,0.1,-5.2
$IMU,1190.00,-83.00,-157.00,-3176.000,-116.000,-16704.000,-17.3,0.1,-5.2
$IMU,1215.00,-98.00,-142.00,-3180.000,-108.000,-16788.000,-17.3,0.1,-5.2
$ADC,48.7,50.0,99.9,99.9
$IMU,1192.00,-111.00,-143.00,-3168.000,-112.000,-16648.000,-17.3,0.1,-5.2
$DIST,3501,228,202,865
$IMU,1226.00,-125.00,-126.00,-3216.000,-20.000,-16732.000,-17.3,0.1,-5.2
$IMU,1216.00,-136.00,-148.00,-3172.000,-144.000,-16576.000,-17.3,0.1,-5.2
$IMU,1221.00,-100.00,-140.00,-3180.000,-124.000,-16804.000,-17.3,0.1,-5.2
$IMU,1226.00,-109.00,-140.00,-3224.000,-144.000,-16740.000,-17.3,0.1,-5.1
$IMU,1240.00,-124.00,-133.00,-3128.000,-108.000,-16688.000,-17.3,0.0,-5.1
$IMU,1191.00,-102.00,-156.00,-3252.000,-100.000,-16776.000,-17.3,0.1,-5.1
$IMU,1216.00,-131.00,-133.00,-3188.000,-104.000,-16816.000,-17.3,0.0,-5.1
$IMU,1209.00,-87.00,-164.00,-3164.000,-160.000,-16712.000,-17.3,0.0,-5.1
$IMU,1205.00,-91.00,-137.00,-3180.000,-76.000,-16648.000,-17.3,0.0,-5.1
$IMU,1218.00,-94.00,-176.00,-3132.000,-120.000,-16704.000,-17.3,0.0,-5.1
$COLOR,157,53.6,52.6,55.2
$BUTTON,0,0
$IMU,1210.00,-107.00,-156.00,-3236.000,-68.000,-16644.000,-17.3,0.1,-5.2
$IMU,1191.00,-97.00,-167.00,-3192.000,-188.000,-16708.000,-17.3,0.1,-5.2
$IMU,1240.00,-110.00,-154.00,-3176.000,-140.000,-16768.000,-17.3,0.1,-5.2
$IMU,1216.00,-80.00,-143.00,-3180.000,-96.000,-16724.000,-17.3,0.1,-5.2
$ADC,48.7,50.0,99.9,99.9
$IMU,1217.00,-97.00,-155.00,-3224.000,-88.000,-16736.000,-17.3,0.1,-5.2
$DIST,3501,226,202,898
$IMU,1220.00,-89.00,-153.00,-3180.000,-100.000,-16652.000,-17.3,0.1,-5.2
$IMU,1247.00,-94.00,-148.00,-3164.000,-128.000,-16676.000,-17.3,0.1,-5.2
$IMU,1215.00,-131.00,-135.00,-3228.000,-116.000,-16764.000,-17.3,0.1,-5.2
$IMU,1191.00,-127.00,-128.00,-3184.000,-128.000,-16736.000,-17.3,0.1,-5.1
$IMU,1193.00,-123.00,-147.00,-3180.000,-92.000,-16796.000,-17.3,0.1,-5.1
$IMU,1225.00,-136.00,-152.00,-3124.000,-116.000,-16628.000,-17.3,0.0,-5.1
$IMU,1203.00,-103.00,-158.00,-3112.000,-116.000,-16792.000,-17.3,0.0,-5.1
$IMU,1218.00,-101.00,-156.00,-3200.000,-140.000,-16712.000,-17.3,0.0,-5.2
$IMU,1226.00,-122.00,-137.00,-3148.000,-96.000,-16748.000,-17.3,0.0,-5.1
$IMU,1200.00,-107.00,-126.00,-3204.000,-100.000,-16736.000,-17.3,0.0,-5.1
$COLOR,157,53.5,52.6,55.3
$BUTTON,0,0
$IMU,1207.00,-123.00,-168.00,-3164.000,-112.000,-16696.000,-17.3,0.0,-5.1
$IMU,1223.00,-123.00,-169.00,-3220.000,-112.000,-16740.000,-17.3,0.0,-5.2
$IMU,1213.00,-128.00,-162.00,-3132.000,-60.000,-16672.000,-17.3,0.0,-5.2
$IMU,1218.00,-126.00,-150.00,-3168.000,-40.000,-16688.000,-17.3,0.0,-5.2
$ADC,48.7,50.0,99.9,100.0
$IMU,1218.00,-110.00,-144.00,-3196.000,-172.000,-16740.000,-17.3,0.0,-5.2
$DIST,3501,224,203,883
$IMU,1219.00,-102.00,-153.00,-3220.000,-116.000,-16740.000,-17.3,0.0,-5.2
$IMU,1205.00,-106.00,-137.00,-3180.000,-100.000,-16764.000,-17.3,0.0,-5.2
$IMU,1217.00,-76.00,-175.00,-3144.000,-100.000,-16760.000,-17.3,0.0,-5.2
$IMU,1208.00,-101.00,-159.00,-3180.000,-96.000,-16648.000,-17.3,0.0,-5.2
$IMU,1226.00,-104.00,-164.00,-3252.000,-64.000,-16748.000,-17.3,0.0,-5.2
$IMU,1197.00,-102.00,-133.00,-3188.000,-96.000,-16712.000,-17.3,0.0,-5.2
$IMU,1210.00,-93.00,-141.00,-3220.000,-116.000,-16700.000,-17.3,0.0,-5.2
$IMU,1184.00,-101.00,-143.00,-3160.000,-112.000,-16796.000,-17.3,0.0,-5.2
$IMU,1199.00,-122.00,-162.00,-3192.000,-204.000,-16700.000,-17.3,0.0,-5.2
$IMU,1218.00,-80.00,-161.00,-3216.000,-148.000,-16800.000,-17.3,0.0,-5.2
$COLOR,158,53.3,52.5,55.1
$BUTTON,0,0
$IMU,1192.00,-104.00,-141.00,-3216.000,-108.000,-16568.000,-17.3,0.0,-5.2
$IMU,1237.00,-96.00,-138.00,-3160.000,-136.000,-16772.000,-17.3,0.0,-5.2
$IMU,1209.00,-101.00,-129.00,-3116.000,-120.000,-16692.000,-17.3,0.0,-5.2
$IMU,1236.00,-114.00,-138.00,-3224.000,-92.000,-16748.000,-17.3,0.0,-5.1
$ADC,48.7,50.0,99.9,99.9
$IMU,1239.00,-99.00,-136.00,-3216.000,-140.000,-16768.000,-17.3,0.0,-5.1
$DIST,3501,222,203,850
$IMU,1212.00,-105.00,-153.00,-3176.000,-136.000,-16688.000,-17.3,0.0,-5.1
$IMU,1215.00,-118.00,-168.00,-3228.000,-132.000,-16684.000,-17.3,0.0,-5.2
$IMU,1216.00,-80.00,-146.00,-3200.000,-92.000,-16760.000,-17.3,0.0,-5.2
$IMU,1218.00,-100.00,-155.00,-3204.000,-132.000,-16700.000,-17.3,0.0,-5.2
$IMU,1186.00,-94.00,-150.00,-3192.000,-224.000,-16656.000,-17.3,0.1,-5.2
$IMU,1199.00,-108.00,-160.00,-3232.000,-136.000,-16628.000,-17.3,0.1,-5.2
$IMU,1228.00,-116.00,-137.00,-3188.000,-112.000,-16760.000,-17.3,0.1,-5.2
$IMU,1208.00,-94.00,-116.00,-3208.000,-148.000,-16764.000,-17.3,0.1,-5.1
$IMU,1217.00,-95.00,-147.00,-3192.000,-136.000,-16756.000,-17.3,0.1,-5.1
$IMU,1218.00,-97.00,-147.00,-3192.000,-96.000,-16636.000,-17.3,0.1,-5.1
$COLOR,158,53.3,52.5,55.0
$BUTTON,0,0
$IMU,1228.00,-117.00,-142.00,-3220.000,-180.000,-16692.000,-17.3,0.1,-5.1
$IMU,1240.00,-106.00,-154.00,-3172.000,-32.000,-16748.000,-17.3,0.1,-5.1
$IMU,1195.00,-118.00,-145.00,-3208.000,-92.000,-16736.000,-17.3,0.1,-5.1
$IMU,1240.00,-101.00,-139.00,-3196.000,-120.000,-16624.000,-17.3,0.1,-5.1
$ADC,48.6,50.0,99.9,99.9
$IMU,1206.00,-103.00,-147.00,-3156.000,-144.000,-16744.000,-17.3,0.1,-5.1
$DIST,3501,220,204,856
$IMU,1226.00,-115.00,-158.00,-3188.000,-80.000,-16724.000,-17.3,0.1,-5.1
$IMU,1210.00,-114.00,-142.00,-3156.000,-124.000,-16716.000,-17.3,0.1,-5.1
$IMU,1235.00,-111.00,-149.00,-3180.000,-144.000,-16764.000,-17.3,0.1,-5.1
$IMU,1205.00,-89.00,-152.00,-3208.000,-128.000,-16672.000,-17.3,0.1,-5.1
$IMU,1222.00,-86.00,-157.00,-3188.000,-120.000,-16820.000,-17.3,0.1,-5.1
$IMU,1217.00,-123.00,-150.00,-3124.000,-116.000,-16712.000,-17.3,0.0,-5.1
$IMU,1207.00,-82.00,-133.00,-3104.000,-148.000,-16696.000,-17.3,0.0,-5.1
$IMU,1210.00,-105.00,-135.00,-3216.000,-156.000,-16636.000,-17.3,0.0,-5.1
$IMU,1210.00,-112.00,-141.00,-3148.000,-140.000,-16752.000,-17.3,0.0,-5.1
$IMU,1220.00,-84.00,-170.00,-3144.000,-136.000,-16780.000,-17.3,0.0,-5.1
$COLOR,156,52.1,51.3,53.1
$BUTTON,0,0
$IMU,1204.00,-106.00,-116.00,-3176.000,-120.000,-16640.000,-17.3,0.0,-5.1
$IMU,1230.00,-87.00,-151.00,-3160.000,-176.000,-16772.000,-17.3,0.0,-5.1
$IMU,1221.00,-117.00,-155.00,-3212.000,-80.000,-16728.000,-17.3,0.0,-5.1
$IMU,1195.00,-105.00,-140.00,-3188.000,-176.000,-16744.000,-17.3,0.0,-5.1
$ADC,48.6,50.0,99.9,100.0
$IMU,1186.00,-109.00,-137.00,-3152.000,-120.000,-16668.000,-17.3,0.0,-5.1
$DIST,3501,202,205,878
$IMU,1208.00,-106.00,-154.00,-3124.000,-128.000,-16716.000,-17.3,0.0,-5.1
$IMU,1206.00,-108.00,-134.00,-3152.000,-100.000,-16680.000,-17.3,0.0,-5.1
$IMU,1197.00,-94.00,-137.00,-3244.000,-128.000,-16772.000,-17.3,0.0,-5.1
$IMU,1202.00,-124.00,-153.00,-3196.000,-128.000,-16680.000,-17.3,0.0,-5.1
$IMU,1194.00,-113.00,-140.00,-3232.000,-104.000,-16560.000,-17.3,0.0,-5.1
$IMU,1195.00,-88.00,-144.00,-3176.000,-124.000,-16752.000,-17.3,0.0,-5.1
$IMU,1206.00,-81.00,-144.00,-3216.000,-60.000,-16688.000,-17.3,0.0,-5.1
$IMU,1211.00,-90.00,-137.00,-3156.000,-92.000,-16684.000,-17.3,0.0,-5.1
$IMU,1228.00,-107.00,-151.00,-3180.000,-116.000,-16720.000,-17.3,0.0,-5.1
$IMU,1206.00,-89.00,-126.00,-3212.000,-116.000,-16784.000,-17.3,0.0,-5.1
$COLOR,174,51.7,50.5,51.7
$BUTTON,0,0
$IMU,1208.00,-120.00,-151.00,-3212.000,-92.000,-16644.000,-17.3,0.1,-5.1
$IMU,1216.00,-109.00,-163.00,-3188.000,-180.000,-16688.000,-17.3,0.1,-5.1
$IMU,1203.00,-107.00,-171.00,-3128.000,-172.000,-16696.000,-17.3,0.0,-5.1
$IMU,1216.00,-114.00,-158.00,-3136.000,-140.000,-16724.000,-17.3,0.0,-5.1
$ADC,48.7,50.0,99.9,99.9
$IMU,1222.00,-107.00,-170.00,-3236.000,-88.000,-16784.000,-17.3,0.0,-5.1
$DIST,3501,188,203,850
$IMU,1196.00,-121.00,-148.00,-3132.000,-140.000,-16676.000,-17.3,0.0,-5.1
$IMU,1209.00,-106.00,-151.00,-3160.000,-156.000,-16796.000,-17.3,0.0,-5.1
$IMU,1214.00,-108.00,-116.00,-3140.000,-92.000,-16592.000,-17.3,0.0,-5.1
$IMU,1196.00,-112.00,-146.00,-3172.000,-84.000,-16688.000,-17.3,0.0,-5.1
$IMU,1224.00,-119.00,-166.00,-3248.000,-140.000,-16732.000,-17.3,0.0,-5.1
$IMU,1206.00,-106.00,-151.00,-3272.000,-156.000,-16816.000,-17.3,0.0,-5.1
$IMU,1223.00,-116.00,-140.00,-3172.000,-120.000,-16660.000,-17.3,0.0,-5.1
$IMU,1224.00,-115.00,-160.00,-3124.000,-164.000,-16660.000,-17.3,0.0,-5.1
$IMU,1238.00,-90.00,-143.00,-3216.000,-220.000,-16728.000,-17.3,0.0,-5.1
$IMU,1241.00,-99.00,-142.00,-3160.000,-164.000,-16728.000,-17.3,0.0,-5.1
$COLOR,190,52.5,49.4,50.1
$BUTTON,0,0
$IMU,1223.00,-112.00,-152.00,-3152.000,-116.000,-16680.000,-17.3,0.0,-5.1
$IMU,1194.00,-98.00,-182.00,-3152.000,-140.000,-16676.000,-17.3,0.0,-5.1
$IMU,1201.00,-111.00,-171.00,-3208.000,-152.000,-16740.000,-17.3,0.0,-5.1
$IMU,1204.00,-83.00,-151.00,-3200.000,-84.000,-16696.000,-17.3,0.0,-5.1
$ADC,48.7,50.0,99.9,100.0
$IMU,1209.00,-119.00,-144.00,-3108.000,-224.000,-16680.000,-17.3,0.0,-5.1
$DIST,3501,233,206,897
$IMU,1195.00,-114.00,-166.00,-3124.000,-104.000,-16792.000,-17.3,0.0,-5.1
$IMU,1199.00,-112.00,-167.00,-3204.000,-120.000,-16744.000,-17.3,0.0,-5.1
$IMU,1200.00,-130.00,-160.00,-3232.000,-104.000,-16684.000,-17.3,0.0,-5.1
$IMU,1194.00,-81.00,-145.00,-3180.000,-144.000,-16760.000,-17.3,0.0,-5.1
$IMU,1200.00,-117.00,-135.00,-3196.000,-140.000,-16680.000,-17.3,0.0,-5.1
$IMU,1245.00,-110.00,-156.00,-3168.000,-136.000,-16752.000,-17.3,0.0,-5.1
$IMU,1211.00,-110.00,-163.00,-3212.000,-152.000,-16752.000,-17.3,0.0,-5.1
$IMU,1232.00,-105.00,-146.00,-3108.000,-232.000,-16748.000,-17.3,0.0,-5.1
$IMU,1198.00,-91.00,-148.00,-3148.000,-196.000,-16824.000,-17.3,0.0,-5.1
$IMU,1206.00,-118.00,-129.00,-3300.000,-88.000,-16676.000,-17.3,0.0,-5.1
$COLOR,200,51.5,49.9,51.1
$BUTTON,0,0
$IMU,1212.00,-120.00,-164.00,-3252.000,-108.000,-16844.000,-17.3,0.0,-5.1
$IMU,1229.00,-74.00,-138.00,-3120.000,-136.000,-16776.000,-17.3,0.0,-5.1
$IMU,1217.00,-107.00,-130.00,-3032.000,-184.000,-16692.000,-17.3,0.0,-5.1
$IMU,1206.00,-95.00,-158.00,-3176.000,-148.000,-16780.000,-17.3,0.0,-5.1
$ADC,48.7,50.0,99.9,99.9
$IMU,1226.00,-134.00,-144.00,-3196.000,-80.000,-16620.000,-17.3,0.0,-5.1
$DIST,3501,454,206,850
$IMU,1218.00,-143.00,-163.00,-3264.000,-88.000,-16748.000,-17.3,0.0,-5.1
$IMU,1223.00,-103.00,-147.00,-3204.000,-120.000,-16728.000,-17.3,0.0,-5.1
$IMU,1205.00,-102.00,-155.00,-3200.000,-152.000,-16740.000,-17.3,0.0,-5.1
$IMU,1232.00,-82.00,-162.00,-3168.000,-108.000,-16616.000,-17.3,0.0,-5.1
$IMU,1205.00,-96.00,-140.00,-3104.000,-72.000,-16652.000,-17.3,0.0,-5.1
$IMU,1199.00,-137.00,-140.00,-3076.000,-128.000,-16632.000,-17.3,0.0,-5.1
$IMU,1181.00,-99.00,-185.00,-3180.000,-172.000,-16684.000,-17.3,0.0,-5.1
$IMU,1215.00,-96.00,-167.00,-3264.000,-108.000,-16628.000,-17.3,0.0,-5.1
$IMU,1181.00,-92.00,-145.00,-3224.000,-124.000,-16752.000,-17.3,0.0,-5.1
$IMU,1230.00,-108.00,-140.00,-3144.000,-160.000,-16664.000,-17.3,0.0,-5.1
$COLOR,213,50.2,50.9,53.7
$BUTTON,0,0
$IMU,1220.00,-134.00,-150.00,-3152.000,-96.000,-16756.000,-17.3,0.0,-5.1
$IMU,1215.00,-111.00,-150.00,-3184.000,-136.000,-16736.000,-17.3,0.0,-5.1
$IMU,1216.00,-122.00,-149.00,-3188.000,-120.000,-16764.000,-17.3,0.0,-5.1
$IMU,1207.00,-122.00,-155.00,-3200.000,-80.000,-16684.000,-17.3,0.0,-5.1
$ADC,48.7,50.0,100.0,99.9
$IMU,1209.00,-126.00,-146.00,-3184.000,-164.000,-16760.000,-17.3,0.0,-5.1
$DIST,3501,535,206,908
$IMU,1215.00,-114.00,-136.00,-3200.000,-64.000,-16768.000,-17.3,0.0,-5.1
$IMU,1233.00,-111.00,-168.00,-3144.000,-112.000,-16716.000,-17.3,0.0,-5.1
$IMU,1205.00,-110.00,-160.00,-3136.000,-176.000,-16720.000,-17.3,0.0,-5.1
$IMU,1220.00,-98.00,-128.00,-3196.000,-160.000,-16708.000,-17.3,0.0,-5.1
$IMU,1214.00,-91.00,-172.00,-3148.000,-112.000,-16780.000,-17.3,0.0,-5.1
$IMU,1217.00,-127.00,-154.00,-3200.000,-124.000,-16696.000,-17.3,0.0,-5.1
$IMU,1228.00,-115.00,-167.00,-3120.000,-92.000,-16676.000,-17.3,0.0,-5.2
$IMU,1249.00,-112.00,-167.00,-3216.000,-96.000,-16548.000,-17.3,0.0,-5.2
$IMU,1208.00,-89.00,-133.00,-3164.000,-108.000,-16708.000,-17.3,0.0,-5.2
$IMU,1196.00,-116.00,-179.00,-3104.000,-144.000,-16612.000,-17.3,0.0,-5.2
$COLOR,182,50.5,50.6,53.6
$BUTTON,0,0
$IMU,1212.00,-89.00,-133.00,-3116.000,-144.000,-16672.000,-17.3,0.0,-5.2
$IMU,1222.00,-90.00,-146.00,-3144.000,-136.000,-16844.000,-17.3,0.0,-5.2
$IMU,1206.00,-102.00,-132.00,-3164.000,-80.000,-16744.000,-17.3,0.0,-5.2
$IMU,1229.00,-101.00,-174.00,-3156.000,-76.000,-16740.000,-17.3,0.0,-5.2
$ADC,48.6,50.0,100.0,99.9
$IMU,1225.00,-94.00,-153.00,-3208.000,-152.000,-16640.000,-17.3,0.0,-5.2
$DIST,149,529,202,913
$IMU,1245.00,-87.00,-151.00,-3132.000,-156.000,-16712.000,-17.3,0.0,-5.2
$IMU,1223.00,-94.00,-155.00,-3172.000,-80.000,-16812.000,-17.3,0.0,-5.2
$IMU,1223.00,-92.00,-147.00,-3168.000,-108.000,-16844.000,-17.3,0.0,-5.2
$IMU,1211.00,-102.00,-147.00,-3124.000,-92.000,-16768.000,-17.3,0.0,-5.2
$IMU,1242.00,-73.00,-156.00,-3168.000,-152.000,-16724.000,-17.3,0.0,-5.2
$IMU,1213.00,-93.00,-161.00,-3148.000,-124.000,-16616.000,-17.3,0.0,-5.2
$IMU,1214.00,-106.00,-141.00,-3156.000,-132.000,-16708.000,-17.3,0.0,-5.2
$IMU,1222.00,-112.00,-151.00,-3160.000,-156.000,-16732.000,-17.3,0.0,-5.2
$IMU,1207.00,-102.00,-142.00,-3160.000,-140.000,-16828.000,-17.3,0.0,-5.2
$IMU,1206.00,-88.00,-164.00,-3168.000,-116.000,-16752.000,-17.3,0.0,-5.2
$COLOR,165,51.3,50.4,52.2
$BUTTON,0,0
$IMU,1229.00,-112.00,-159.00,-3236.000,-104.000,-16700.000,-17.3,0.0,-5.2
$IMU,1225.00,-85.00,-136.00,-3216.000,-176.000,-16660.000,-17.3,0.0,-5.2
$IMU,1237.00,-107.00,-167.00,-3208.000,-112.000,-16776.000,-17.3,0.0,-5.2
$IMU,1187.00,-116.00,-147.00,-3196.000,-60.000,-16592.000,-17.3,0.0,-5.2
$ADC,48.7,50.0,100.0,99.9
$IMU,1230.00,-89.00,-148.00,-3256.000,-52.000,-16692.000,-17.3,0.0,-5.2
$DIST,114,553,204,851
$IMU,1218.00,-99.00,-129.00,-3156.000,-124.000,-16680.000,-17.3,0.0,-5.2
$IMU,1171.00,-104.00,-147.00,-3160.000,-160.000,-16724.000,-17.3,0.0,-5.2
$IMU,1194.00,-101.00,-162.00,-3284.000,-136.000,-16660.000,-17.3,0.0,-5.2
$IMU,1230.00,-124.00,-265.00,-3324.000,-596.000,-16848.000,-17.2,0.0,-5.2
$IMU,1210.00,-121.00,-427.00,-3104.000,-296.000,-16628.000,-17.2,0.0,-5.2
$IMU,1206.00,-79.00,-201.00,-3040.000,196.000,-16660.000,-17.3,0.0,-5.2
$IMU,1183.00,-125.00,17.00,-2948.000,296.000,-16768.000,-17.3,0.0,-5.2
$IMU,1185.00,-80.00,-165.00,-3232.000,-204.000,-16604.000,-17.3,0.0,-5.2
$IMU,1243.00,-164.00,-328.00,-3248.000,-452.000,-16672.000,-17.3,0.0,-5.2
$IMU,1253.00,-97.00,-158.00,-3132.000,-168.000,-16840.000,-17.3,0.0,-5.2
$COLOR,153,51.5,50.5,51.2
$BUTTON,0,0
$IMU,1220.00,-120.00,12.00,-3100.000,72.000,-16716.000,-17.3,0.0,-5.2
$IMU,1145.00,-87.00,-76.00,-3152.000,72.000,-16768.000,-17.3,0.0,-5.2
$IMU,1152.00,-72.00,-183.00,-3148.000,4.000,-16712.000,-17.3,0.0,-5.2
$IMU,1196.00,-78.00,-93.00,-3108.000,-200.000,-16656.000,-17.3,0.0,-5.2
$ADC,43.8,50.0,99.9,99.9
$IMU,1249.00,-121.00,-16.00,-3124.000,-368.000,-16592.000,-17.3,-0.0,-5.2
$DIST,99,552,202,813
$IMU,1250.00,-125.00,-150.00,-3260.000,-284.000,-16632.000,-17.3,0.0,-5.2
$IMU,1213.00,-123.00,-208.00,-3292.000,40.000,-16648.000,-17.3,0.0,-5.2
$IMU,1158.00,-139.00,-121.00,-3280.000,88.000,-16644.000,-17.3,0.0,-5.2
$IMU,1193.00,-126.00,-120.00,-3228.000,260.000,-16868.000,-17.3,0.0,-5.2
$IMU,1159.00,-99.00,-116.00,-3176.000,-428.000,-16504.000,-17.3,0.0,-5.2
$IMU,1300.00,-78.00,-195.00,-3160.000,-144.000,-16832.000,-17.3,0.0,-5.2
$IMU,1229.00,-144.00,-153.00,-3176.000,4.000,-16772.000,-17.3,0.0,-5.2
$IMU,1193.00,-114.00,-105.00,-3200.000,-72.000,-16820.000,-17.3,0.0,-5.2
$IMU,1201.00,-95.00,-179.00,-3312.000,-312.000,-16716.000,-17.3,0.0,-5.2
$IMU,1178.00,-85.00,-289.00,-3340.000,-300.000,-16692.000,-17.3,0.0,-5.2
$COLOR,152,51.4,50.5,50.8
$BUTTON,0,0
$IMU,1234.00,-114.00,-191.00,-3408.000,76.000,-16716.000,-17.3,0.1,-5.2
$IMU,1244.00,-145.00,-177.00,-2964.000,-324.000,-16440.000,-17.3,0.0,-5.2
$IMU,1261.00,-16.00,-213.00,-2736.000,-44.000,-16728.000,-17.3,0.0,-5.2
$IMU,1183.00,-124.00,-118.00,-3004.000,172.000,-16268.000,-17.3,0.0,-5.2
$ADC,48.7,50.0,99.9,99.8
$IMU,1114.00,-105.00,-99.00,-3260.000,-156.000,-16880.000,-17.3,0.0,-5.2
$DIST,98,560,204,866
$IMU,1203.00,-134.00,-182.00,-3264.000,-308.000,-16720.000,-17.3,0.0,-5.2
$IMU,1199.00,-170.00,-150.00,-3160.000,-56.000,-16696.000,-17.3,0.0,-5.2
$IMU,1234.00,-117.00,-47.00,-3276.000,0.000,-16904.000,-17.3,0.0,-5.2
$IMU,1206.00,-88.00,-116.00,-3232.000,-32.000,-16760.000,-17.3,0.0,-5.2
$IMU,1201.00,-131.00,-175.00,-3124.000,-108.000,-16672.000,-17.3,0.0,-5.2
$IMU,1171.00,-123.00,-131.00,-2984.000,-172.000,-16604.000,-17.3,-0.0,-5.2
$IMU,1219.00,-150.00,-91.00,-3164.000,-204.000,-16752.000,-17.3,-0.0,-5.2
$IMU,1256.00,-140.00,-130.00,-3336.000,-4.000,-16820.000,-17.3,0.0,-5.2
$IMU,1214.00,-119.00,-156.00,-3320.000,60.000,-16664.000,-17.3,0.0,-5.2
$IMU,1206.00,-78.00,-113.00,-3284.000,-84.000,-16684.000,-17.3,0.0,-5.2
$COLOR,148,51.4,50.3,50.5
$BUTTON,0,0
$IMU,1185.00,-105.00,-120.00,-3136.000,-284.000,-16664.000,-17.3,0.0,-5.2
$IMU,1182.00,-54.00,-157.00,-3064.000,-196.000,-16788.000,-17.3,0.0,-5.2
$IMU,1210.00,-111.00,-170.00,-3092.000,0.000,-16804.000,-17.3,0.0,-5.2
$IMU,1232.00,-118.00,-126.00,-3180.000,96.000,-16644.000,-17.3,0.0,-5.2
$ADC,48.7,50.0,99.9,99.8
$IMU,1197.00,-71.00,-123.00,-3276.000,12.000,-16744.000,-17.3,0.0,-5.2
$DIST,101,562,204,843
$IMU,1207.00,-80.00,-129.00,-3380.000,-212.000,-16612.000,-17.3,0.0,-5.2
$IMU,1214.00,-41.00,-119.00,-3340.000,-240.000,-16872.000,-17.3,0.0,-5.2
$IMU,1208.00,-51.00,-160.00,-3208.000,-236.000,-16612.000,-17.3,0.1,-5.2
$IMU,1206.00,-19.00,-174.00,-3216.000,-56.000,-16780.000,-17.3,0.1,-5.2
$IMU,1215.00,-54.00,-164.00,-3188.000,16.000,-16644.000,-17.3,0.1,-5.2
$IMU,1217.00,-70.00,-191.00,-3108.000,-196.000,-16612.000,-17.3,0.1,-5.2
$IMU,1227.00,-75.00,-152.00,-3144.000,-144.000,-16700.000,-17.3,0.1,-5.2
$IMU,1221.00,-98.00,-73.00,-3064.000,-144.000,-16760.000,-17.3,0.1,-5.2
$IMU,1165.00,-90.00,-106.00,-3092.000,-196.000,-16776.000,-17.3,0.0,-5.2
$IMU,1210.00,-90.00,-190.00,-3196.000,-240.000,-17128.000,-17.3,0.0,-5.2
$COLOR,147,51.4,50.3,50.5
$BUTTON,0,0
$IMU,1234.00,-103.00,-195.00,-3156.000,-36.000,-16664.000,-17.3,0.0,-5.2
$IMU,1200.00,-143.00,-76.00,-3176.000,-52.000,-16904.000,-17.3,0.0,-5.2
$IMU,1205.00,-142.00,-154.00,-3224.000,-108.000,-16668.000,-17.3,0.0,-5.2
$IMU,1201.00,-130.00,-189.00,-3228.000,-208.000,-16592.000,-17.3,0.0,-5.2
$ADC,48.7,50.0,99.9,99.8
$IMU,1223.00,-122.00,-165.00,-3292.000,-128.000,-16616.000,-17.3,0.0,-5.2
$DIST,101,556,204,923
$IMU,1206.00,-85.00,-148.00,-3292.000,-216.000,-16660.000,-17.3,0.1,-5.2
$IMU,1208.00,-88.00,-185.00,-3232.000,-120.000,-16720.000,-17.3,0.1,-5.2
$IMU,1216.00,-69.00,-192.00,-3128.000,-16.000,-16780.000,-17.3,0.1,-5.2
$IMU,1207.00,-68.00,-151.00,-3136.000,-52.000,-16772.000,-17.3,0.1,-5.2
$IMU,1222.00,-65.00,-175.00,-3172.000,-208.000,-16740.000,-17.3,0.1,-5.2
$IMU,1221.00,-93.00,-174.00,-3040.000,-236.000,-16768.000,-17.3,0.0,-5.2
$IMU,1206.00,-123.00,-150.00,-3152.000,-100.000,-16796.000,-17.3,0.0,-5.2
$IMU,1182.00,-117.00,-125.00,-3204.000,-92.000,-16820.000,-17.3,0.0,-5.2
$IMU,1186.00,-156.00,-183.00,-3180.000,-204.000,-16800.000,-17.3,0.0,-5.2
$IMU,1195.00,-114.00,-180.00,-3208.000,-152.000,-16672.000,-17.3,0.0,-5.2
$COLOR,147,51.4,50.3,50.5
$BUTTON,0,0
$IMU,1240.00,-128.00,-157.00,-3276.000,-140.000,-16800.000,-17.3,0.0,-5.2
$IMU,1214.00,-136.00,-180.00,-3204.000,-148.000,-16644.000,-17.3,0.0,-5.2
$IMU,1209.00,-116.00,-167.00,-3176.000,-44.000,-16592.000,-17.3,0.0,-5.2
$IMU,1192.00,-76.00,-153.00,-3192.000,-96.000,-16672.000,-17.3,0.0,-5.2
$ADC,48.7,50.0,99.9,99.8
$IMU,1232.00,-83.00,-153.00,-3224.000,-160.000,-16688.000,-17.3,0.1,-5.2
$DIST,103,557,206,893
$IMU,1228.00,-127.00,-179.00,-3192.000,-200.000,-16780.000,-17.3,0.0,-5.2
$IMU,1228.00,-106.00,-139.00,-3100.000,-140.000,-16868.000,-17.3,0.0,-5.2
$IMU,1245.00,-121.00,-107.00,-3168.000,-36.000,-16712.000,-17.3,0.0,-5.2
$IMU,1184.00,-105.00,-133.00,-3196.000,-108.000,-16728.000,-17.3,0.0,-5.2
$IMU,1205.00,-109.00,-131.00,-3224.000,-188.000,-16816.000,-17.3,0.0,-5.2
$IMU,1197.00,-128.00,-133.00,-3168.000,-152.000,-16676.000,-17.3,0.0,-5.2
$IMU,1194.00,-94.00,-128.00,-3228.000,-84.000,-16752.000,-17.3,0.0,-5.2
$IMU,1194.00,-61.00,-131.00,-3264.000,-128.000,-16732.000,-17.3,0.1,-5.2
$IMU,1196.00,-120.00,-150.00,-3484.000,-280.000,-16996.000,-17.3,0.1,-5.2
$IMU,1184.00,-136.00,-243.00,-3144.000,-208.000,-17056.000,-17.3,0.1,-5.2
$COLOR,148,51.4,50.3,50.5
$BUTTON,0,0
$IMU,1239.00,-69.00,-156.00,-2944.000,-28.000,-16968.000,-17.3,0.0,-5.2
$IMU,1227.00,-104.00,-88.00,-3204.000,100.000,-16644.000,-17.3,0.0,-5.2
$IMU,1222.00,-112.00,-130.00,-3320.000,-84.000,-16724.000,-17.3,0.0,-5.2
$IMU,1239.00,-79.00,-140.00,-3272.000,-136.000,-16648.000,-17.3,0.1,-5.2
$ADC,0.0,0.0,99.9,99.8
$IMU,1243.00,-64.00,-85.00,-3160.000,-232.000,-16660.000,-17.3,0.1,-5.2
$DIST,102,559,204,908
$IMU,1244.00,-58.00,-112.00,-3116.000,-328.000,-16688.000,-17.3,0.1,-5.2
$IMU,1191.00,-64.00,-206.00,-3160.000,-164.000,-16608.000,-17.3,0.1,-5.2
$IMU,1183.00,-59.00,-164.00,-3132.000,-80.000,-16688.000,-17.3,0.1,-5.2
$IMU,1184.00,-38.00,-113.00,-3152.000,-20.000,-16780.000,-17.3,0.1,-5.2
$IMU,1215.00,-66.00,-135.00,-3120.000,-136.000,-16652.000,-17.3,0.1,-5.2
$IMU,1220.00,-72.00,-181.00,-3188.000,-176.000,-16800.000,-17.3,0.1,-5.2
$IMU,1223.00,-112.00,-132.00,-3100.000,-156.000,-16708.000,-17.3,0.1,-5.2
$IMU,1198.00,-122.00,-98.00,-3068.000,-96.000,-16792.000,-17.3,0.0,-5.2
$IMU,1197.00,-142.00,-182.00,-3068.000,-148.000,-16708.000,-17.3,0.0,-5.2
$IMU,1205.00,-154.00,-177.00,-3128.000,-96.000,-16628.000,-17.3,0.0,-5.2
$COLOR,149,51.4,50.3,50.5
$BUTTON,0,0
$IMU,1224.00,-175.00,-119.00,-3268.000,-76.000,-16704.000,-17.3,0.0,-5.2
$IMU,1231.00,-117.00,-122.00,-3176.000,-136.000,-16764.000,-17.3,0.0,-5.2
$IMU,1213.00,-126.00,-192.00,-3152.000,-192.000,-16704.000,-17.3,0.0,-5.2
$IMU,1217.00,-100.00,-166.00,-3216.000,-168.000,-16728.000,-17.3,0.0,-5.2
$ADC,48.7,0.0,99.8,99.9
$IMU,1213.00,-130.00,-160.00,-3168.000,-136.000,-16620.000,-17.3,0.0,-5.2
$DIST,104,548,203,883
$IMU,1215.00,-114.00,-148.00,-3200.000,-160.000,-16724.000,-17.3,0.0,-5.2
$IMU,1202.00,-77.00,-192.00,-3168.000,-96.000,-16712.000,-17.3,0.0,-5.2
$IMU,1205.00,-80.00,-155.00,-3184.000,-92.000,-16836.000,-17.3,0.0,-5.2
$IMU,1204.00,-87.00,-125.00,-3232.000,-108.000,-16808.000,-17.3,0.0,-5.2
$IMU,1223.00,-70.00,-160.00,-3136.000,-196.000,-16780.000,-17.3,0.0,-5.2
$IMU,1205.00,-61.00,-211.00,-3224.000,-228.000,-16656.000,-17.3,0.0,-5.2
$IMU,1215.00,-61.00,-181.00,-3228.000,-136.000,-16744.000,-17.3,0.0,-5.2
$IMU,1196.00,-53.00,-168.00,-3152.000,-68.000,-16768.000,-17.3,0.0,-5.2
$IMU,1222.00,-66.00,-177.00,-3128.000,-116.000,-16660.000,-17.3,0.0,-5.2
$IMU,1220.00,-61.00,-175.00,-3144.000,-92.000,-16696.000,-17.3,0.0,-5.2
$COLOR,152,51.2,50.3,50.5
$BUTTON,0,0
$IMU,1218.00,-72.00,-172.00,-3088.000,-124.000,-16768.000,-17.3,0.0,-5.2
$IMU,1219.00,-86.00,-181.00,-3040.000,-140.000,-16812.000,-17.3,0.0,-5.2
$IMU,1220.00,-105.00,-174.00,-3004.000,-100.000,-16648.000,-17.3,0.0,-5.2
$IMU,1202.00,-130.00,-156.00,-3052.000,-124.000,-16708.000,-17.3,0.0,-5.2
$ADC,99.9,50.0,99.8,99.9
$IMU,1217.00,88.00,-147.00,-3280.000,196.000,-17924.000,-17.3,0.0,-5.2
$DIST,101,564,204,923
$IMU,1288.00,-209.00,-150.00,-3248.000,-224.000,-15880.000,-17.3,0.0,-5.2
$IMU,1250.00,-169.00,-252.00,-3364.000,-68.000,-17228.000,-17.3,0.0,-5.2
$IMU,1200.00,-123.00,-130.00,-2968.000,-140.000,-16500.000,-17.3,0.0,-5.2
$IMU,1202.00,-181.00,-91.00,-2996.000,-224.000,-16792.000,-17.3,-0.0,-5.2
$IMU,1209.00,-189.00,-219.00,-3116.000,-244.000,-16724.000,-17.3,-0.0,-5.2
$IMU,1216.00,-115.00,-188.00,-3320.000,-48.000,-16684.000,-17.3,-0.0,-5.2
$IMU,1178.00,-175.00,-61.00,-3192.000,20.000,-16544.000,-17.3,-0.0,-5.2
$IMU,1226.00,-156.00,-95.00,-3164.000,-124.000,-16920.000,-17.3,-0.0,-5.2
$IMU,1220.00,-113.00,-210.00,-3016.000,-232.000,-16892.000,-17.3,-0.0,-5.2
$IMU,1235.00,-142.00,-147.00,-3228.000,-96.000,-16592.000,-17.3,-0.0,-5.2
$COLOR,153,51.2,50.3,50.5
$BUTTON,0,0
$IMU,1241.00,-132.00,-112.00,-3208.000,-68.000,-16744.000,-17.3,-0.0,-5.2
$IMU,1219.00,-130.00,-193.00,-3188.000,-160.000,-16612.000,-17.3,-0.0,-5.2
$IMU,1244.00,-90.00,-212.00,-3268.000,-160.000,-16704.000,-17.3,-0.0,-5.2
$IMU,1278.00,-92.00,-184.00,-3328.000,-56.000,-16692.000,-17.3,-0.0,-5.2
$ADC,48.7,99.8,99.8,99.9
$IMU,1201.00,-118.00,-165.00,-3136.000,-168.000,-16740.000,-17.3,-0.0,-5.2
$DIST,98,545,205,904
$IMU,1208.00,-116.00,-188.00,-2984.000,-208.000,-16848.000,-17.3,-0.0,-5.2
$IMU,1214.00,-142.00,-137.00,-2964.000,32.000,-16676.000,-17.3,-0.0,-5.2
$IMU,1170.00,-161.00,-73.00,-3116.000,-20.000,-16820.000,-17.3,-0.0,-5.2
$IMU,1179.00,-174.00,-139.00,-3312.000,-132.000,-16916.000,-17.3,-0.0,-5.2
$IMU,1186.00,-134.00,-124.00,-3320.000,-128.000,-16724.000,-17.3,-0.0,-5.2
$IMU,1201.00,-144.00,-129.00,-3284.000,-224.000,-16688.000,-17.3,-0.0,-5.2
$IMU,1222.00,-126.00,-140.00,-3196.000,-136.000,-16684.000,-17.3,-0.0,-5.2
$IMU,1216.00,-181.00,-182.00,-3148.000,-368.000,-16300.000,-17.3,-0.0,-5.2
$IMU,1194.00,-75.00,-203.00,-3128.000,0.000,-17016.000,-17.3,-0.0,-5.2
$IMU,1215.00,-74.00,-46.00,-3048.000,104.000,-16576.000,-17.3,-0.0,-5.2
$COLOR,154,51.2,50.3,50.5
$BUTTON,0,0
$IMU,1200.00,-95.00,-83.00,-3244.000,-276.000,-16800.000,-17.3,-0.0,-5.2
$IMU,1245.00,-31.00,-249.00,-3252.000,-292.000,-16740.000,-17.3,-0.0,-5.2
$IMU,1199.00,-81.00,-158.00,-3128.000,-80.000,-16824.000,-17.3,-0.0,-5.2
$IMU,1227.00,-95.00,-29.00,-3088.000,-12.000,-16800.000,-17.3,-0.0,-5.2
$ADC,0.0,0.0,99.8,99.9
$IMU,1214.00,-95.00,-118.00,-3196.000,-144.000,-16820.000,-17.3,-0.0,-5.2
$DIST,87,540,203,882
$IMU,1179.00,-90.00,-237.00,-3192.000,-40.000,-16680.000,-17.3,-0.0,-5.2
$IMU,1198.00,-154.00,-90.00,-3204.000,-104.000,-16832.000,-17.3,-0.0,-5.2
$IMU,1227.00,-89.00,-60.00,-3172.000,-300.000,-16712.000,-17.3,-0.0,-5.2
$IMU,1211.00,-81.00,-190.00,-3216.000,-192.000,-16700.000,-17.3,-0.0,-5.2
$IMU,1219.00,-91.00,-218.00,-3308.000,-12.000,-16808.000,-17.3,-0.0,-5.2
$IMU,1185.00,-60.00,-69.00,-3100.000,20.000,-16688.000,-17.3,-0.0,-5.2
$IMU,1212.00,-100.00,-134.00,-3144.000,-156.000,-16616.000,-17.3,-0.0,-5.2
$IMU,1238.00,-97.00,-219.00,-3088.000,-244.000,-16680.000,-17.3,-0.0,-5.2
$IMU,1242.00,-73.00,-172.00,-3164.000,28.000,-16636.000,-17.3,-0.0,-5.2
$IMU,1242.00,-107.00,-41.00,-3224.000,-40.000,-16788.000,-17.3,-0.0,-5.2
$COLOR,152,51.1,50.3,50.6
$BUTTON,0,0
$IMU,1230.00,-73.00,-49.00,-3140.000,-188.000,-16620.000,-17.3,-0.0,-5.2
$IMU,1215.00,-107.00,-218.00,-3172.000,-312.000,-16620.000,-17.3,-0.0,-5.2
$IMU,1194.00,-88.00,-229.00,-3200.000,-196.000,-16792.000,-17.3,-0.0,-5.2
$IMU,1230.00,-60.00,-159.00,-3120.000,-180.000,-16572.000,-17.3,-0.0,-5.2
$ADC,89.4,0.0,99.9,99.9
$IMU,1212.00,-119.00,-153.00,-3088.000,-60.000,-16712.000,-17.3,-0.0,-5.2
$DIST,89,549,203,902
$IMU,1209.00,-84.00,-124.00,-3192.000,0.000,-16788.000,-17.3,-0.0,-5.2
$IMU,1189.00,-103.00,-162.00,-3188.000,-172.000,-16600.000,-17.3,-0.0,-5.2
$IMU,1206.00,-67.00,-225.00,-3160.000,-356.000,-16776.000,-17.3,-0.0,-5.2
$IMU,1247.00,-68.00,-203.00,-3112.000,-88.000,-16688.000,-17.3,-0.0,-5.2
$IMU,1255.00,-94.00,-98.00,-3044.000,84.000,-16668.000,-17.3,-0.0,-5.2
$IMU,1187.00,-120.00,-152.00,-3008.000,-4.000,-16876.000,-17.3,-0.0,-5.2
$IMU,1216.00,-100.00,-188.00,-3132.000,-260.000,-16732.000,-17.3,-0.0,-5.2
$IMU,1221.00,-111.00,-168.00,-3120.000,-260.000,-16688.000,-17.3,-0.0,-5.2
$IMU,1239.00,-150.00,-155.00,-3172.000,-128.000,-16748.000,-17.3,-0.0,-5.2
$IMU,1252.00,-166.00,-128.00,-3108.000,-64.000,-16680.000,-17.3,-0.0,-5.2
$COLOR,152,51.0,50.2,50.5
$BUTTON,0,0
$IMU,1206.00,-161.00,-155.00,-3192.000,4.000,-16688.000,-17.3,-0.0,-5.2
$IMU,1189.00,-159.00,-143.00,-3184.000,-60.000,-16600.000,-17.3,-0.0,-5.2
$IMU,1209.00,-118.00,-129.00,-3276.000,-256.000,-16752.000,-17.3,-0.0,-5.2
$IMU,1226.00,-109.00,-136.00,-3288.000,-308.000,-16672.000,-17.3,-0.0,-5.2
$ADC,99.8,86.4,99.9,100.0
$IMU,1236.00,-92.00,-169.00,-3252.000,-4.000,-16616.000,-17.3,-0.0,-5.2
$DIST,86,551,205,929
$IMU,1218.00,-104.00,-148.00,-3120.000,68.000,-16896.000,-17.3,-0.0,-5.2
$IMU,1180.00,-63.00,-130.00,-3156.000,-132.000,-16872.000,-17.3,-0.0,-5.2
$IMU,1208.00,-90.00,-181.00,-3172.000,-316.000,-16724.000,-17.3,-0.0,-5.2
$IMU,1228.00,-75.00,-187.00,-3164.000,-232.000,-16736.000,-17.3,-0.0,-5.2
$IMU,1235.00,-98.00,-182.00,-3168.000,-140.000,-16684.000,-17.3,-0.0,-5.2
$IMU,1225.00,-129.00,-200.00,-3132.000,-124.000,-16752.000,-17.3,-0.0,-5.2
$IMU,1215.00,-162.00,-255.00,-3096.000,-136.000,-16792.000,-17.3,-0.0,-5.2
$IMU,1208.00,-153.00,-190.00,-3008.000,-60.000,-16864.000,-17.3,-0.0,-5.2
$IMU,1213.00,-155.00,-94.00,-3088.000,60.000,-16768.000,-17.3,-0.1,-5.2
$IMU,1228.00,-191.00,-81.00,-3204.000,68.000,-16860.000,-17.3,-0.1,-5.2
$COLOR,154,50.9,50.2,50.6
$BUTTON,0,0
$IMU,1208.00,-161.00,-118.00,-3236.000,-72.000,-16712.000,-17.3,-0.1,-5.2
$IMU,1240.00,-168.00,-161.00,-3356.000,-208.000,-16832.000,-17.3,-0.1,-5.2
$IMU,1225.00,-142.00,-113.00,-3288.000,-232.000,-16796.000,-17.3,-0.0,-5.2
$IMU,1227.00,-96.00,-122.00,-3312.000,-152.000,-16760.000,-17.3,-0.0,-5.2
$ADC,48.7,50.0,99.9,100.0
$IMU,1183.00,-94.00,-168.00,-3316.000,-40.000,-16668.000,-17.3,-0.0,-5.2
$DIST,76,529,206,903
$IMU,1215.00,-86.00,-113.00,-3224.000,12.000,-16780.000,-17.3,-0.0,-5.2
$IMU,1195.00,-71.00,-88.00,-3168.000,-104.000,-16708.000,-17.3,-0.0,-5.2
$IMU,1231.00,-81.00,-65.00,-3164.000,-116.000,-16624.000,-17.3,-0.0,-5.2
$IMU,1227.00,-77.00,-129.00,-3244.000,-196.000,-16684.000,-17.3,-0.0,-5.2
$IMU,1226.00,-63.00,-117.00,-3212.000,-196.000,-16788.000,-17.3,-0.0,-5.2
$IMU,1202.00,-72.00,-133.00,-3124.000,-168.000,-16728.000,-17.3,-0.0,-5.2
$IMU,1193.00,-51.00,-178.00,-3164.000,-88.000,-16820.000,-17.3,-0.0,-5.2
$IMU,1203.00,-58.00,-165.00,-3092.000,-68.000,-16744.000,-17.3,-0.0,-5.2
$IMU,1228.00,-86.00,-166.00,-3024.000,-88.000,-16696.000,-17.3,-0.0,-5.2
$IMU,1244.00,-118.00,-159.00,-3056.000,-92.000,-16752.000,-17.3,-0.0,-5.2
$COLOR,154,50.8,50.2,50.7
$BUTTON,0,0
$IMU,1238.00,-108.00,-188.00,-3164.000,-200.000,-16760.000,-17.3,-0.0,-5.2
$IMU,1195.00,-115.00,-150.00,-3232.000,-180.000,-16676.000,-17.3,-0.0,-5.2
$IMU,1211.00,-147.00,-136.00,-3200.000,-100.000,-16640.000,-17.3,-0.0,-5.2
$IMU,1217.00,-136.00,-140.00,-3052.000,-120.000,-16696.000,-17.3,-0.0,-5.2
$ADC,76.7,49.9,99.9,99.9
$IMU,1209.00,-108.00,-168.00,-3076.000,-88.000,-16680.000,-17.3,-0.0,-5.2
$DIST,69,529,205,888
$IMU,1221.00,-123.00,-157.00,-3176.000,-112.000,-16780.000,-17.3,-0.0,-5.2
$IMU,1216.00,-140.00,-155.00,-3148.000,-212.000,-16820.000,-17.3,-0.0,-5.2
$IMU,1229.00,-137.00,-187.00,-3152.000,-108.000,-16688.000,-17.3,-0.0,-5.2
$IMU,1235.00,-141.00,-178.00,-3252.000,-100.000,-16708.000,-17.3,-0.0,-5.2
$IMU,1194.00,-103.00,-163.00,-3220.000,-68.000,-16684.000,-17.3,-0.0,-5.2
$IMU,1214.00,-93.00,-179.00,-3264.000,-164.000,-16700.000,-17.3,-0.0,-5.2
$IMU,1197.00,-91.00,-170.00,-3164.000,-140.000,-16732.000,-17.3,-0.0,-5.2
$IMU,1225.00,-89.00,-128.00,-3128.000,-164.000,-16716.000,-17.3,-0.0,-5.2
$IMU,1211.00,-113.00,-179.00,-3200.000,-120.000,-16716.000,-17.3,-0.0,-5.2
$IMU,1211.00,-75.00,-165.00,-3196.000,-136.000,-16724.000,-17.3,-0.0,-5.2
$COLOR,154,50.7,50.1,50.6
$BUTTON,0,0
$IMU,1223.00,-88.00,-156.00,-3168.000,-72.000,-16788.000,-17.3,-0.0,-5.2
$IMU,1224.00,-56.00,-158.00,-3212.000,-144.000,-16704.000,-17.3,-0.0,-5.2
$IMU,1198.00,-43.00,-153.00,-3244.000,-152.000,-16820.000,-17.3,-0.0,-5.2
$IMU,1217.00,-58.00,-146.00,-3172.000,-116.000,-16736.000,-17.3,-0.0,-5.2
$ADC,63.0,0.0,99.9,99.9
$IMU,1201.00,-65.00,-149.00,-3112.000,-84.000,-16592.000,-17.3,0.0,-5.2
$DIST,72,531,205,890
$IMU,1207.00,-80.00,-155.00,-3040.000,-164.000,-16660.000,-17.3,-0.0,-5.2
$IMU,1191.00,-120.00,-117.00,-2996.000,-52.000,-16768.000,-17.3,-0.0,-5.2
$IMU,1226.00,-123.00,-92.00,-3068.000,-52.000,-16656.000,-17.3,-0.0,-5.2
$IMU,1226.00,-151.00,-78.00,-3048.000,-72.000,-16756.000,-17.3,-0.0,-5.2
$IMU,1199.00,-63.00,-64.00,-3260.000,-212.000,-16980.000,-17.3,-0.0,-5.2
$IMU,1239.00,-85.00,-146.00,-3424.000,-216.000,-16368.000,-17.3,-0.0,-5.2
$IMU,1180.00,-110.00,-146.00,-3432.000,-252.000,-16872.000,-17.3,0.0,-5.2
$IMU,1226.00,-76.00,-154.00,-3232.000,-248.000,-16776.000,-17.3,0.0,-5.2
$IMU,1222.00,-62.00,-225.00,-2944.000,-120.000,-16612.000,-17.3,0.0,-5.2
$IMU,1238.00,-88.00,-189.00,-3092.000,-24.000,-16804.000,-17.3,-0.0,-5.2
$COLOR,155,50.6,50.1,50.6
$BUTTON,0,0
$IMU,1226.00,-78.00,-163.00,-3188.000,-68.000,-16736.000,-17.3,-0.0,-5.2
$IMU,1229.00,-118.00,-201.00,-3100.000,-196.000,-16644.000,-17.3,-0.0,-5.2
$IMU,1230.00,-126.00,-154.00,-3048.000,-220.000,-16764.000,-17.3,-0.0,-5.2
$IMU,1210.00,-104.00,-104.00,-3132.000,-196.000,-16700.000,-17.3,-0.0,-5.2
$ADC,48.7,50.0,100.0,99.9
$IMU,1195.00,-127.00,-178.00,-3256.000,-84.000,-16668.000,-17.3,-0.0,-5.2
$DIST,69,529,200,894
$IMU,1220.00,-99.00,-193.00,-3152.000,-124.000,-16708.000,-17.3,-0.0,-5.2
$IMU,1190.00,-142.00,-230.00,-3032.000,-204.000,-16632.000,-17.3,-0.0,-5.2
$IMU,1223.00,-150.00,-204.00,-3108.000,-160.000,-16720.000,-17.3,-0.0,-5.2
$IMU,1221.00,-154.00,-192.00,-3236.000,-24.000,-16592.000,-17.3,-0.0,-5.2
$IMU,1211.00,-115.00,-177.00,-3232.000,-128.000,-16772.000,-17.3,-0.0,-5.2
$IMU,1205.00,-116.00,-176.00,-3140.000,-172.000,-16772.000,-17.3,-0.0,-5.2
$IMU,1193.00,-110.00,-159.00,-3104.000,-188.000,-16704.000,-17.3,-0.0,-5.2
$IMU,1238.00,-137.00,-163.00,-3136.000,-124.000,-16692.000,-17.3,-0.0,-5.2
$IMU,1205.00,-96.00,-136.00,-3116.000,-120.000,-16664.000,-17.3,-0.0,-5.2
$IMU,1202.00,-132.00,-148.00,-3144.000,-60.000,-16828.000,-17.3,-0.0,-5.2
$COLOR,155,50.6,50.1,50.6
$BUTTON,0,0
$IMU,1203.00,-104.00,-150.00,-3236.000,-72.000,-16744.000,-17.3,-0.0,-5.2
$IMU,1208.00,-98.00,-147.00,-3220.000,-160.000,-16680.000,-17.3,-0.0,-5.2
$IMU,1203.00,-95.00,-127.00,-3204.000,-148.000,-16652.000,-17.3,-0.0,-5.2
$IMU,1228.00,-63.00,-161.00,-3192.000,-160.000,-16684.000,-17.3,-0.0,-5.2
$ADC,48.6,50.0,100.0,99.9
$IMU,1174.00,-64.00,-163.00,-3144.000,-76.000,-16736.000,-17.3,-0.0,-5.2
$DIST,66,527,206,883
$IMU,1212.00,-72.00,-148.00,-3236.000,-88.000,-16704.000,-17.3,-0.0,-5.2
$IMU,1207.00,-77.00,-136.00,-3180.000,-116.000,-16740.000,-17.3,-0.0,-5.2
$IMU,1230.00,-79.00,-153.00,-3088.000,-180.000,-16756.000,-17.3,-0.0,-5.2
$IMU,1235.00,-111.00,-168.00,-3056.000,-164.000,-16808.000,-17.3,-0.0,-5.2
$IMU,1228.00,-107.00,-104.00,-3068.000,-116.000,-16840.000,-17.3,-0.0,-5.2
$IMU,1230.00,-154.00,-135.00,-3096.000,-144.000,-16720.000,-17.3,-0.0,-5.2
$IMU,1253.00,-175.00,-127.00,-3036.000,-92.000,-16748.000,-17.3,-0.1,-5.2
$IMU,1213.00,-175.00,-102.00,-3092.000,-160.000,-16660.000,-17.3,-0.1,-5.2
$IMU,1197.00,-213.00,-110.00,-3112.000,-196.000,-16640.000,-17.3,-0.1,-5.2
$IMU,1205.00,-182.00,-173.00,-3160.000,-188.000,-16612.000,-17.3,-0.1,-5.2
$COLOR,155,50.5,50.0,50.5
$BUTTON,0,0
$IMU,1204.00,-209.00,-129.00,-3188.000,92.000,-16720.000,-17.3,-0.1,-5.2
$IMU,1202.00,-168.00,29.00,-3268.000,40.000,-16852.000,-17.3,-0.1,-5.2
$IMU,1198.00,-182.00,-114.00,-3300.000,-380.000,-16456.000,-17.3,-0.1,-5.2
$IMU,1209.00,-136.00,-275.00,-3380.000,-272.000,-16856.000,-17.3,-0.1,-5.2
$ADC,48.7,50.0,99.9,99.8
$IMU,1226.00,-83.00,-145.00,-3300.000,-84.000,-16668.000,-17.3,-0.0,-5.2
$DIST,74,533,205,887
$IMU,1188.00,-114.00,-63.00,-3176.000,-88.000,-16612.000,-17.3,-0.0,-5.2
$IMU,1211.00,-59.00,-199.00,-3200.000,-144.000,-16852.000,-17.3,-0.0,-5.2
$IMU,1206.00,-73.00,-215.00,-3208.000,-104.000,-16724.000,-17.3,-0.0,-5.2
$IMU,1222.00,-70.00,-88.00,-3196.000,-84.000,-16772.000,-17.3,-0.0,-5.2
$IMU,1253.00,-128.00,-90.00,-3112.000,-236.000,-16692.000,-17.3,-0.0,-5.2
$IMU,1227.00,-80.00,-198.00,-3056.000,-204.000,-16696.000,-17.2,-0.0,-5.2
$IMU,1190.00,-111.00,-164.00,-3092.000,8.000,-16640.000,-17.3,-0.0,-5.2
$IMU,1194.00,-131.00,-83.00,-3204.000,-96.000,-16652.000,-17.3,-0.0,-5.2
$IMU,1208.00,-126.00,-148.00,-3120.000,-188.000,-16724.000,-17.3,-0.0,-5.2
$IMU,1202.00,-130.00,-206.00,-3188.000,-216.000,-16776.000,-17.3,-0.0,-5.2
$COLOR,155,50.5,50.0,50.5
$BUTTON,0,0
$IMU,1222.00,-115.00,-155.00,-3240.000,-68.000,-16592.000,-17.3,-0.0,-5.2
$IMU,1197.00,-113.00,-118.00,-3256.000,-68.000,-16732.000,-17.3,-0.0,-5.2
$IMU,1220.00,-115.00,-172.00,-3168.000,-132.000,-16788.000,-17.3,-0.0,-5.2
$IMU,1209.00,-103.00,-175.00,-3244.000,-88.000,-16664.000,-17.3,-0.0,-5.2
$ADC,48.7,50.0,99.9,99.8
$IMU,1228.00,-76.00,-130.00,-3140.000,-48.000,-16740.000,-17.3,-0.0,-5.2
$DIST,93,530,203,906
$IMU,1233.00,-85.00,-106.00,-3192.000,-148.000,-16692.000,-17.3,-0.0,-5.2
$IMU,1224.00,-127.00,-190.00,-3088.000,-136.000,-16692.000,-17.3,-0.0,-5.2
$IMU,1218.00,-111.00,-168.00,-3128.000,-72.000,-16720.000,-17.3,-0.0,-5.2
$IMU,1230.00,-121.00,-98.00,-3136.000,-124.000,-16784.000,-17.3,-0.0,-5.2
$IMU,1202.00,-101.00,-143.00,-3172.000,-200.000,-16724.000,-17.3,-0.0,-5.2
$IMU,1211.00,-117.00,-162.00,-3164.000,-140.000,-16836.000,-17.3,-0.0,-5.2
$IMU,1190.00,-115.00,-150.00,-3176.000,-140.000,-16664.000,-17.3,-0.0,-5.2
$IMU,1214.00,-95.00,-145.00,-3200.000,-152.000,-16700.000,-17.3,-0.0,-5.2
$IMU,1230.00,-114.00,-181.00,-3200.000,-204.000,-16772.000,-17.3,-0.0,-5.2
$IMU,1213.00,-122.00,-161.00,-3164.000,-196.000,-16668.000,-17.3,-0.0,-5.2
$COLOR,156,50.7,50.3,50.8
$BUTTON,0,0
$IMU,1204.00,-99.00,-134.00,-3168.000,-160.000,-16800.000,-17.3,-0.0,-5.2
$IMU,1203.00,-127.00,-152.00,-3172.000,-92.000,-16748.000,-17.3,-0.0,-5.2
$IMU,1225.00,-108.00,-181.00,-3192.000,-92.000,-16692.000,-17.3,-0.0,-5.2
$IMU,1202.00,-121.00,-145.00,-3220.000,-4.000,-16696.000,-17.3,-0.0,-5.2
$ADC,48.7,50.0,99.9,99.8
$IMU,1215.00,-114.00,-141.00,-3188.000,-132.000,-16720.000,-17.3,-0.0,-5.2
$DIST,93,536,203,846
$IMU,1211.00,-110.00,-140.00,-3144.000,-156.000,-16684.000,-17.3,-0.0,-5.2
$IMU,1202.00,-135.00,-157.00,-3224.000,-96.000,-16636.000,-17.3,-0.0,-5.2
$IMU,1226.00,-86.00,-144.00,-3180.000,-24.000,-16616.000,-17.3,-0.0,-5.2
$IMU,1195.00,-96.00,-141.00,-3184.000,-104.000,-16732.000,-17.3,-0.0,-5.2
$IMU,1193.00,-84.00,-179.00,-3172.000,-156.000,-16676.000,-17.3,-0.0,-5.2
$IMU,1210.00,-88.00,-153.00,-3168.000,-140.000,-16680.000,-17.3,-0.0,-5.2
$IMU,1236.00,-118.00,-143.00,-3200.000,-152.000,-16736.000,-17.3,-0.0,-5.2
$IMU,1219.00,-104.00,-141.00,-3120.000,-152.000,-16680.000,-17.3,-0.0,-5.2
$IMU,1196.00,-99.00,-158.00,-3236.000,-120.000,-16728.000,-17.3,-0.0,-5.2
$IMU,1212.00,-109.00,-181.00,-3136.000,-140.000,-16696.000,-17.3,-0.0,-5.2
$COLOR,156,50.2,49.9,50.4
$BUTTON,0,0
$IMU,1221.00,-101.00,-146.00,-3140.000,-168.000,-16608.000,-17.3,-0.0,-5.2
$IMU,1200.00,-118.00,-157.00,-3228.000,-136.000,-16788.000,-17.3,-0.0,-5.2
$IMU,1217.00,-107.00,-159.00,-3184.000,-112.000,-16720.000,-17.3,-0.0,-5.2
$IMU,1227.00,-121.00,-135.00,-3184.000,-168.000,-16836.000,-17.3,-0.0,-5.2
$ADC,48.7,50.0,99.9,99.8
$IMU,1227.00,-104.00,-142.00,-3248.000,-104.000,-16636.000,-17.3,-0.0,-5.2
$DIST,71,508,202,855
$IMU,1230.00,-103.00,-162.00,-3240.000,-144.000,-16656.000,-17.3,-0.0,-5.2
$IMU,1203.00,-96.00,-159.00,-3156.000,-60.000,-16576.000,-17.3,-0.0,-5.2
$IMU,1238.00,-97.00,-129.00,-3212.000,-156.000,-16680.000,-17.3,0.0,-5.2
$IMU,1213.00,-83.00,-160.00,-3152.000,-116.000,-16668.000,-17.3,0.0,-5.2
$IMU,1233.00,-89.00,-172.00,-3200.000,-100.000,-16832.000,-17.3,0.0,-5.2
$IMU,1199.00,-92.00,-134.00,-3176.000,-164.000,-16692.000,-17.3,0.0,-5.2
$IMU,1219.00,-101.00,-148.00,-3212.000,-156.000,-16752.000,-17.3,0.0,-5.2
$IMU,1214.00,-128.00,-140.00,-3156.000,-108.000,-16644.000,-17.3,0.0,-5.2
$IMU,1230.00,-102.00,-154.00,-3160.000,-152.000,-16772.000,-17.3,0.0,-5.2
$IMU,1237.00,-140.00,-142.00,-3124.000,-108.000,-16652.000,-17.3,-0.0,-5.2
$COLOR,157,50.1,49.9,50.2
$BUTTON,0,0
$IMU,1228.00,-112.00,-166.00,-3156.000,-108.000,-16696.000,-17.3,-0.0,-5.2
$IMU,1234.00,-98.00,-172.00,-3188.000,-176.000,-16736.000,-17.3,-0.0,-5.2
$IMU,1209.00,-115.00,-145.00,-3176.000,-136.000,-16740.000,-17.3,-0.0,-5.2
$IMU,1216.00,-84.00,-148.00,-3224.000,-136.000,-16720.000,-17.3,0.0,-5.2
$ADC,48.7,50.0,99.8,99.8
$IMU,1236.00,-139.00,-155.00,-3168.000,-144.000,-16680.000,-17.3,0.0,-5.2
$DIST,62,456,206,877
$IMU,1225.00,-103.00,-156.00,-3180.000,-152.000,-16728.000,-17.3,0.0,-5.2
$IMU,1214.00,-120.00,-143.00,-3224.000,-72.000,-16748.000,-17.3,0.0,-5.2
$IMU,1182.00,-84.00,-147.00,-3160.000,-176.000,-16764.000,-17.3,0.0,-5.2
$IMU,1186.00,-94.00,-148.00,-3112.000,-152.000,-16720.000,-17.3,-0.0,-5.2
$IMU,1193.00,-100.00,-143.00,-3240.000,-152.000,-16680.000,-17.3,0.0,-5.2
$IMU,1211.00,-112.00,-145.00,-3164.000,-112.000,-16732.000,-17.3,0.0,-5.2
$IMU,1226.00,-87.00,-140.00,-3132.000,-104.000,-16640.000,-17.3,0.0,-5.2
$IMU,1234.00,-122.00,-144.00,-3208.000,-172.000,-16716.000,-17.3,0.0,-5.2
$IMU,1204.00,-86.00,-147.00,-3144.000,-116.000,-16756.000,-17.3,0.0,-5.2
$IMU,1202.00,-125.00,-158.00,-3172.000,-188.000,-16776.000,-17.3,0.0,-5.2
$COLOR,152,50.0,49.8,50.2
$BUTTON,0,0
$IMU,1207.00,-109.00,-148.00,-3180.000,-144.000,-16716.000,-17.3,0.0,-5.2
$IMU,1225.00,-90.00,-167.00,-3212.000,-176.000,-16600.000,-17.2,0.0,-5.2
$IMU,1210.00,-121.00,-142.00,-3152.000,-152.000,-16688.000,-17.2,0.0,-5.2
$IMU,1220.00,-101.00,-143.00,-3132.000,-136.000,-16696.000,-17.2,0.0,-5.2
$ADC,48.7,50.0,99.8,99.8
$IMU,1238.00,-90.00,-128.00,-3160.000,-176.000,-16680.000,-17.2,0.0,-5.2
$DIST,102,443,202,878
$IMU,1188.00,-116.00,-127.00,-3204.000,-172.000,-16748.000,-17.2,0.0,-5.2
$IMU,1226.00,-84.00,-147.00,-3208.000,-200.000,-16704.000,-17.2,0.0,-5.2
$IMU,1224.00,-112.00,-150.00,-3156.000,-40.000,-16652.000,-17.2,0.0,-5.2
$IMU,1224.00,-107.00,-187.00,-3184.000,-124.000,-16652.000,-17.2,0.0,-5.2
$IMU,1227.00,-107.00,-127.00,-3156.000,-192.000,-16708.000,-17.2,0.0,-5.2
$IMU,1198.00,-123.00,-143.00,-3200.000,-116.000,-16736.000,-17.2,0.0,-5.2
$IMU,1205.00,-113.00,-150.00,-3204.000,-152.000,-16696.000,-17.2,0.0,-5.2
$IMU,1223.00,-121.00,-172.00,-3148.000,-80.000,-16632.000,-17.2,0.0,-5.2
$IMU,1219.00,-120.00,-161.00,-3180.000,-124.000,-16680.000,-17.2,0.0,-5.2
$IMU,1218.00,-86.00,-143.00,-3200.000,-60.000,-16804.000,-17.2,0.0,-5.2
$COLOR,152,50.0,49.8,50.0
$BUTTON,0,0
$IMU,1203.00,-113.00,-120.00,-3180.000,-140.000,-16780.000,-17.2,0.0,-5.2
$IMU,1199.00,-112.00,-141.00,-3184.000,-156.000,-16720.000,-17.2,0.0,-5.2
$IMU,1198.00,-114.00,-144.00,-3156.000,-152.000,-16688.000,-17.2,0.0,-5.2
$IMU,1216.00,-106.00,-144.00,-3180.000,-220.000,-16724.000,-17.2,0.0,-5.2
$ADC,48.7,50.0,99.8,99.8
$IMU,1221.00,-107.00,-145.00,-3200.000,-136.000,-16632.000,-17.2,0.0,-5.2
$DIST,107,457,205,859
$IMU,1218.00,-110.00,-142.00,-3220.000,-144.000,-16724.000,-17.2,0.0,-5.2
$IMU,1224.00,-131.00,-160.00,-3120.000,-160.000,-16672.000,-17.2,0.0,-5.2
$IMU,1210.00,-130.00,-120.00,-3200.000,-164.000,-16724.000,-17.2,0.0,-5.2
$IMU,1213.00,-87.00,-162.00,-3164.000,-128.000,-16636.000,-17.2,0.0,-5.2
$IMU,1196.00,-95.00,-146.00,-3164.000,-144.000,-16680.000,-17.2,0.0,-5.2
$IMU,1222.00,-123.00,-158.00,-3132.000,-80.000,-16752.000,-17.2,0.0,-5.2
$IMU,1219.00,-118.00,-142.00,-3144.000,-240.000,-16760.000,-17.2,0.0,-5.2
$IMU,1232.00,-116.00,-145.00,-3152.000,-132.000,-16712.000,-17.2,-0.0,-5.2
$IMU,1239.00,-88.00,-147.00,-3192.000,-152.000,-16716.000,-17.2,0.0,-5.2
$IMU,1206.00,-109.00,-158.00,-3192.000,-112.000,-16720.000,-17.2,0.0,-5.2
$COLOR,150,50.1,49.7,50.1
$BUTTON,0,0
$IMU,1235.00,-107.00,-149.00,-3148.000,-124.000,-16704.000,-17.2,0.0,-5.2
$IMU,1200.00,-108.00,-167.00,-3224.000,-132.000,-16616.000,-17.2,0.0,-5.2
$IMU,1217.00,-110.00,-153.00,-3176.000,-108.000,-16660.000,-17.2,0.0,-5.2
$IMU,1192.00,-115.00,-137.00,-3176.000,-144.000,-16640.000,-17.2,0.0,-5.2
$ADC,48.7,50.0,99.8,99.8
$IMU,1215.00,-89.00,-146.00,-3192.000,-160.000,-16660.000,-17.2,0.0,-5.2
$DIST,3501,468,204,919
$IMU,1214.00,-97.00,-132.00,-3188.000,-184.000,-16716.000,-17.2,0.0,-5.2
$IMU,1241.00,-93.00,-148.00,-3228.000,-148.000,-16608.000,-17.2,0.0,-5.2
$IMU,1206.00,-111.00,-131.00,-3236.000,-168.000,-16652.000,-17.2,0.0,-5.2
$IMU,1219.00,-113.00,-142.00,-3212.000,-92.000,-16664.000,-17.2,0.0,-5.2
$IMU,1211.00,-114.00,-157.00,-3188.000,-92.000,-16816.000,-17.2,0.0,-5.2
$IMU,1221.00,-93.00,-164.00,-3232.000,-68.000,-16704.000,-17.2,0.0,-5.2
$IMU,1210.00,-129.00,-157.00,-3168.000,-104.000,-16696.000,-17.2,0.0,-5.2
$IMU,1226.00,-106.00,-154.00,-3180.000,-152.000,-16764.000,-17.2,0.0,-5.2
$IMU,1216.00,-95.00,-160.00,-3256.000,-120.000,-16772.000,-17.2,0.0,-5.2
$IMU,1206.00,-105.00,-147.00,-3196.000,-136.000,-16544.000,-17.2,0.0,-5.2
$COLOR,149,50.1,49.7,49.9
$BUTTON,0,0
$IMU,1225.00,-117.00,-160.00,-3212.000,-124.000,-16748.000,-17.2,0.0,-5.2
$IMU,1215.00,-102.00,-164.00,-3200.000,-148.000,-16768.000,-17.2,0.0,-5.2
$IMU,1226.00,-123.00,-136.00,-3236.000,-180.000,-16768.000,-17.2,0.0,-5.2
$IMU,1198.00,-122.00,-139.00,-3152.000,-128.000,-16652.000,-17.2,0.0,-5.2
$ADC,48.7,50.0,99.8,99.8
$IMU,1220.00,-101.00,-166.00,-3216.000,-184.000,-16852.000,-17.2,0.0,-5.2
$DIST,3501,490,204,871
$IMU,1185.00,-115.00,-157.00,-3160.000,-88.000,-16752.000,-17.2,0.0,-5.2
$IMU,1208.00,-111.00,-144.00,-3068.000,-196.000,-16812.000,-17.2,0.0,-5.2
$IMU,1226.00,-96.00,-144.00,-3148.000,-136.000,-16740.000,-17.2,0.0,-5.2
$IMU,1206.00,-147.00,-134.00,-3188.000,-132.000,-16684.000,-17.2,0.0,-5.2
$IMU,1194.00,-114.00,-136.00,-3164.000,-188.000,-16788.000,-17.2,0.0,-5.2
$IMU,1187.00,-97.00,-152.00,-3208.000,-136.000,-16724.000,-17.2,0.0,-5.2
$IMU,1223.00,-114.00,-131.00,-3140.000,-72.000,-16728.000,-17.2,0.0,-5.2
$IMU,1221.00,-110.00,-152.00,-3180.000,-124.000,-16728.000,-17.2,0.0,-5.2
$IMU,1226.00,-111.00,-175.00,-3200.000,-200.000,-16732.000,-17.2,0.0,-5.2
$IMU,1229.00,-100.00,-156.00,-3224.000,-152.000,-16704.000,-17.2,0.0,-5.2
$COLOR,149,49.9,49.7,49.9
$BUTTON,0,0
$IMU,1189.00,-107.00,-152.00,-3168.000,-120.000,-16632.000,-17.2,0.0,-5.2
$IMU,1238.00,-111.00,-159.00,-3244.000,-160.000,-16664.000,-17.2,0.0,-5.2
$IMU,1209.00,-109.00,-143.00,-3172.000,-140.000,-16680.000,-17.2,0.0,-5.2
$IMU,1221.00,-110.00,-150.00,-3204.000,-152.000,-16832.000,-17.2,0.0,-5.2
$ADC,48.7,50.0,99.9,99.9
$IMU,1235.00,-109.00,-149.00,-3172.000,-132.000,-16788.000,-17.2,0.0,-5.2
$DIST,3501,492,203,880
$IMU,1205.00,-104.00,-137.00,-3204.000,-112.000,-16656.000,-17.2,0.0,-5.2
$IMU,1222.00,-110.00,-148.00,-3192.000,-120.000,-16736.000,-17.2,0.0,-5.2
$IMU,1212.00,-128.00,-161.00,-3124.000,-72.000,-16788.000,-17.2,0.0,-5.2
$IMU,1222.00,-126.00,-145.00,-3224.000,-80.000,-16792.000,-17.2,0.0,-5.2
$IMU,1214.00,-116.00,-151.00,-3132.000,-80.000,-16776.000,-17.2,0.0,-5.2
$IMU,1222.00,-128.00,-134.00,-3152.000,-156.000,-16788.000,-17.2,0.0,-5.2
$IMU,1201.00,-122.00,-145.00,-3148.000,-92.000,-16592.000,-17.2,0.0,-5.2
$IMU,1212.00,-111.00,-155.00,-3156.000,-152.000,-16676.000,-17.2,0.0,-5.2
$IMU,1214.00,-98.00,-156.00,-3208.000,-112.000,-16760.000,-17.2,0.0,-5.2
$IMU,1200.00,-114.00,-163.00,-3192.000,-100.000,-16652.000,-17.3,0.0,-5.2
$COLOR,146,50.0,49.6,49.6
$BUTTON,0,0
$IMU,1207.00,-109.00,-155.00,-3244.000,-176.000,-16752.000,-17.2,0.0,-5.2
$IMU,1226.00,-131.00,-173.00,-3208.000,-100.000,-16624.000,-17.2,0.0,-5.2
$IMU,1216.00,-105.00,-149.00,-3188.000,-108.000,-16660.000,-17.3,0.0,-5.2
$IMU,1222.00,-96.00,-127.00,-3176.000,-96.000,-16692.000,-17.3,0.0,-5.2
$ADC,48.7,50.0,99.9,99.9
$IMU,1202.00,-96.00,-160.00,-3180.000,-120.000,-16732.000,-17.3,0.0,-5.2
$DIST,3501,492,203,896
$IMU,1201.00,-103.00,-153.00,-3176.000,-100.000,-16708.000,-17.3,0.0,-5.2
$IMU,1201.00,-108.00,-150.00,-3212.000,-172.000,-16604.000,-17.3,0.0,-5.2
$IMU,1219.00,-107.00,-143.00,-3156.000,-52.000,-16740.000,-17.3,0.0,-5.2
$IMU,1224.00,-112.00,-179.00,-3208.000,-144.000,-16756.000,-17.3,0.0,-5.2
$IMU,1208.00,-113.00,-144.00,-3192.000,-72.000,-16748.000,-17.3,0.0,-5.2
$IMU,1203.00,-113.00,-142.00,-3164.000,-76.000,-16604.000,-17.3,0.0,-5.2
$IMU,1206.00,-115.00,-139.00,-3144.000,-108.000,-16752.000,-17.3,0.0,-5.2
$IMU,1197.00,-118.00,-141.00,-3160.000,-96.000,-16660.000,-17.3,0.0,-5.2
$IMU,1203.00,-107.00,-141.00,-3208.000,-100.000,-16680.000,-17.3,0.0,-5.2
$IMU,1228.00,-131.00,-146.00,-3172.000,-96.000,-16684.000,-17.3,0.0,-5.2
$COLOR,143,50.0,49.5,49.3
$BUTTON,0,0
$IMU,1210.00,-86.00,-141.00,-3132.000,-112.000,-16748.000,-17.3,0.0,-5.2
$IMU,1220.00,-121.00,-141.00,-3220.000,-168.000,-16776.000,-17.3,0.0,-5.2
$IMU,1195.00,-111.00,-140.00,-3208.000,-140.000,-16728.000,-17.3,0.0,-5.2
$IMU,1197.00,-81.00,-147.00,-3164.000,-112.000,-16684.000,-17.3,0.0,-5.2
$ADC,48.6,50.0,99.9,99.9
$IMU,1203.00,-103.00,-136.00,-3196.000,-136.000,-16756.000,-17.3,0.0,-5.2
$DIST,3501,491,203,867
$IMU,1227.00,-120.00,-167.00,-3156.000,-96.000,-16660.000,-17.3,0.0,-5.2
$IMU,1214.00,-89.00,-155.00,-3180.000,-148.000,-16836.000,-17.3,0.0,-5.2
$IMU,1197.00,-96.00,-174.00,-3208.000,-144.000,-16664.000,-17.3,0.0,-5.2
$IMU,1234.00,-126.00,-151.00,-3136.000,-140.000,-16676.000,-17.3,0.0,-5.2
$IMU,1214.00,-115.00,-162.00,-3216.000,-132.000,-16696.000,-17.3,0.0,-5.2
$IMU,1227.00,-122.00,-161.00,-3236.000,-168.000,-16780.000,-17.3,0.0,-5.2
$IMU,1201.00,-140.00,-140.00,-3188.000,-104.000,-16756.000,-17.3,0.0,-5.2
$IMU,1230.00,-75.00,-152.00,-3120.000,-136.000,-16676.000,-17.3,0.0,-5.2
$IMU,1198.00,-127.00,-148.00,-3216.000,-176.000,-16640.000,-17.3,0.0,-5.2
$IMU,1207.00,-94.00,-162.00,-3160.000,-156.000,-16708.000,-17.3,0.0,-5.2
$COLOR,147,50.7,49.6,48.9
$BUTTON,0,0
$IMU,1223.00,-103.00,-153.00,-3200.000,-104.000,-16792.000,-17.3,0.0,-5.2
$IMU,1212.00,-92.00,-150.00,-3148.000,-128.000,-16656.000,-17.3,0.0,-5.2
$IMU,1223.00,-113.00,-164.00,-3156.000,-132.000,-16552.000,-17.3,0.0,-5.2
$IMU,1196.00,-81.00,-148.00,-3172.000,-104.000,-16748.000,-17.3,0.0,-5.2
$ADC,48.6,50.0,99.9,100.0
$IMU,1209.00,-105.00,-171.00,-3096.000,-80.000,-16696.000,-17.3,0.0,-5.2
$DIST,3501,490,204,878
$IMU,1208.00,-114.00,-145.00,-3176.000,-120.000,-16804.000,-17.3,0.0,-5.2
$IMU,1192.00,-111.00,-153.00,-3228.000,-68.000,-16692.000,-17.3,0.0,-5.2
$IMU,1211.00,-124.00,-188.00,-3228.000,-152.000,-16600.000,-17.3,0.0,-5.2
$IMU,1235.00,-111.00,-150.00,-3180.000,-108.000,-16812.000,-17.3,0.0,-5.2
$IMU,1201.00,-97.00,-133.00,-3228.000,-148.000,-16772.000,-17.3,0.0,-5.2
$IMU,1198.00,-92.00,-167.00,-3184.000,-156.000,-16684.000,-17.3,0.0,-5.2
$IMU,1230.00,-92.00,-159.00,-3164.000,-84.000,-16728.000,-17.3,0.0,-5.2
$IMU,1232.00,-119.00,-150.00,-3260.000,-132.000,-16688.000,-17.3,0.0,-5.2
$IMU,1193.00,-128.00,-145.00,-3128.000,-120.000,-16648.000,-17.3,0.0,-5.2
$IMU,1206.00,-93.00,-146.00,-3200.000,-248.000,-16756.000,-17.3,0.0,-5.2
$COLOR,144,50.4,49.5,49.1
$BUTTON,0,0
$IMU,1197.00,-102.00,-163.00,-3196.000,-112.000,-16688.000,-17.3,0.0,-5.2
$IMU,1210.00,-113.00,-160.00,-3196.000,-148.000,-16776.000,-17.3,0.0,-5.2
$IMU,1221.00,-94.00,-142.00,-3132.000,-76.000,-16668.000,-17.3,0.0,-5.2
$IMU,1189.00,-109.00,-125.00,-3236.000,-84.000,-16728.000,-17.3,0.0,-5.2
$ADC,48.6,50.0,99.9,100.0
$IMU,1224.00,-74.00,-160.00,-3112.000,-112.000,-16708.000,-17.3,0.0,-5.2
$DIST,3501,518,205,867
$IMU,1227.00,-108.00,-137.00,-3168.000,-144.000,-16584.000,-17.3,0.0,-5.2
$IMU,1203.00,-108.00,-151.00,-3148.000,-84.000,-16744.000,-17.3,0.0,-5.2
$IMU,1251.00,-106.00,-141.00,-3172.000,-120.000,-16696.000,-17.3,0.0,-5.2
$IMU,1228.00,-107.00,-152.00,-3164.000,-120.000,-16728.000,-17.3,0.0,-5.2
$IMU,1182.00,-141.00,-151.00,-3228.000,-108.000,-16760.000,-17.3,0.0,-5.2
$IMU,1200.00,-115.00,-153.00,-3176.000,-164.000,-16636.000,-17.3,0.0,-5.2
$IMU,1216.00,-110.00,-172.00,-3172.000,-116.000,-16740.000,-17.3,0.0,-5.2
$IMU,1202.00,-96.00,-142.00,-3232.000,-148.000,-16728.000,-17.3,0.0,-5.2
$IMU,1202.00,-100.00,-141.00,-3132.000,-180.000,-16712.000,-17.3,0.0,-5.2
$IMU,1198.00,-115.00,-155.00,-3220.000,-136.000,-16628.000,-17.3,0.0,-5.2
$COLOR,144,50.3,49.6,49.2
$BUTTON,0,0
$IMU,1197.00,-87.00,-151.00,-3116.000,-148.000,-16624.000,-17.3,0.0,-5.2
$IMU,1207.00,-112.00,-139.00,-3220.000,-172.000,-16788.000,-17.3,0.0,-5.2
$IMU,1234.00,-113.00,-155.00,-3156.000,-196.000,-16680.000,-17.3,0.0,-5.2
$IMU,1203.00,-115.00,-162.00,-3308.000,-168.000,-16696.000,-17.3,0.0,-5.2
$ADC,48.6,50.0,99.9,100.0
$IMU,1192.00,-105.00,-142.00,-3188.000,-120.000,-16700.000,-17.3,0.0,-5.2
$DIST,3501,437,201,908
$IMU,1235.00,-103.00,-159.00,-3132.000,-172.000,-16700.000,-17.3,0.0,-5.2
$IMU,1207.00,-100.00,-119.00,-3220.000,-180.000,-16804.000,-17.3,0.0,-5.2
$IMU,1219.00,-119.00,-152.00,-3108.000,-108.000,-16652.000,-17.3,0.0,-5.2
$IMU,1190.00,-128.00,-160.00,-3216.000,-136.000,-16728.000,-17.3,0.0,-5.2
$IMU,1196.00,-111.00,-154.00,-3168.000,-96.000,-16780.000,-17.3,0.0,-5.2
$IMU,1223.00,-109.00,-152.00,-3216.000,-132.000,-16632.000,-17.3,0.0,-5.2
$IMU,1225.00,-97.00,-132.00,-3172.000,-152.000,-16740.000,-17.3,0.0,-5.2
$IMU,1207.00,-91.00,-162.00,-3200.000,-108.000,-16676.000,-17.3,0.0,-5.2
$IMU,1195.00,-97.00,-136.00,-3172.000,-104.000,-16652.000,-17.3,0.0,-5.2
$IMU,1217.00,-105.00,-148.00,-3184.000,-56.000,-16736.000,-17.3,0.0,-5.2
$COLOR,145,50.2,49.5,49.1
$BUTTON,0,0
$IMU,1218.00,-128.00,-125.00,-3168.000,-140.000,-16656.000,-17.3,0.0,-5.2
$IMU,1196.00,-99.00,-160.00,-3156.000,-136.000,-16800.000,-17.3,0.0,-5.2
$IMU,1209.00,-102.00,-149.00,-3196.000,-156.000,-16768.000,-17.3,0.0,-5.2
$IMU,1202.00,-103.00,-164.00,-3204.000,-100.000,-16840.000,-17.3,0.0,-5.2
$ADC,48.6,50.0,99.9,100.0
$IMU,1218.00,-119.00,-142.00,-3252.000,-112.000,-16784.000,-17.3,0.0,-5.2
$DIST,3501,479,203,854
$IMU,1217.00,-104.00,-143.00,-3148.000,-188.000,-16708.000,-17.3,0.0,-5.2
$IMU,1210.00,-119.00,-143.00,-3184.000,-124.000,-16756.000,-17.3,0.0,-5.2
$IMU,1196.00,-107.00,-144.00,-3188.000,-152.000,-16708.000,-17.3,0.0,-5.2
$IMU,1233.00,-136.00,-139.00,-3172.000,-92.000,-16696.000,-17.3,0.0,-5.2
$IMU,1216.00,-115.00,-131.00,-3148.000,-124.000,-16716.000,-17.3,0.0,-5.2
$IMU,1227.00,-131.00,-148.00,-3156.000,-132.000,-16772.000,-17.3,0.0,-5.2
$IMU,1189.00,-108.00,-152.00,-3112.000,-120.000,-16780.000,-17.3,0.0,-5.2
$IMU,1219.00,-99.00,-143.00,-3196.000,-244.000,-16648.000,-17.3,0.0,-5.2
$IMU,1199.00,-93.00,-149.00,-3176.000,-76.000,-16744.000,-17.3,0.0,-5.2
$IMU,1208.00,-81.00,-129.00,-3188.000,-92.000,-16772.000,-17.3,0.0,-5.2
$COLOR,145,50.5,49.6,49.3
$BUTTON,0,0
$IMU,1195.00,-119.00,-136.00,-3172.000,-88.000,-16704.000,-17.3,0.0,-5.2
$IMU,1201.00,-109.00,-149.00,-3208.000,-84.000,-16680.000,-17.3,0.0,-5.2
$IMU,1207.00,-91.00,-150.00,-3200.000,-180.000,-16708.000,-17.3,0.0,-5.2
$IMU,1209.00,-89.00,-151.00,-3168.000,-96.000,-16740.000,-17.3,0.0,-5.2
$ADC,48.7,50.0,100.0,100.0
$IMU,1211.00,-120.00,-154.00,-3188.000,-96.000,-16784.000,-17.3,0.0,-5.2
$DIST,3501,184,203,859
$IMU,1218.00,-115.00,-142.00,-3124.000,-120.000,-16788.000,-17.3,0.0,-5.2
$IMU,1244.00,-112.00,-147.00,-3180.000,-96.000,-16728.000,-17.3,0.0,-5.2
$IMU,1234.00,-112.00,-142.00,-3228.000,-52.000,-16824.000,-17.3,0.0,-5.2
$IMU,1231.00,-113.00,-140.00,-3156.000,-140.000,-16788.000,-17.3,0.0,-5.2
$IMU,1211.00,-99.00,-152.00,-3144.000,-136.000,-16736.000,-17.3,0.0,-5.2
$IMU,1217.00,-112.00,-134.00,-3220.000,-76.000,-16768.000,-17.3,0.0,-5.2
$IMU,1191.00,-91.00,-144.00,-3160.000,-132.000,-16736.000,-17.3,0.0,-5.2
$IMU,1226.00,-100.00,-166.00,-3160.000,-108.000,-16740.000,-17.3,0.0,-5.2
$IMU,1223.00,-100.00,-139.00,-3220.000,-152.000,-16776.000,-17.3,0.0,-5.2
$IMU,1201.00,-78.00,-143.00,-3228.000,-108.000,-16708.000,-17.3,0.0,-5.2
$COLOR,152,50.7,49.7,49.1
$BUTTON,0,0
$IMU,1201.00,-123.00,-137.00,-3184.000,-72.000,-16740.000,-17.3,0.0,-5.2
$IMU,1224.00,-126.00,-148.00,-3172.000,-212.000,-16616.000,-17.3,0.0,-5.2
$IMU,1214.00,-115.00,-121.00,-3176.000,-96.000,-16736.000,-17.3,0.0,-5.2
$IMU,1199.00,-85.00,-131.00,-3224.000,-84.000,-16800.000,-17.3,0.0,-5.2
$ADC,48.7,50.0,100.0,100.0
$IMU,1210.00,-106.00,-130.00,-3168.000,-120.000,-16700.000,-17.3,0.0,-5.2
$DIST,3501,533,207,895
$IMU,1233.00,-121.00,-169.00,-3200.000,-132.000,-16692.000,-17.3,0.0,-5.2
$IMU,1246.00,-100.00,-160.00,-3172.000,-92.000,-16832.000,-17.3,0.0,-5.2
$IMU,1233.00,-122.00,-148.00,-3232.000,-88.000,-16712.000,-17.3,0.0,-5.2
$IMU,1210.00,-102.00,-146.00,-3252.000,-68.000,-16732.000,-17.3,0.0,-5.2
$IMU,1208.00,-132.00,-120.00,-3136.000,-140.000,-16736.000,-17.3,0.0,-5.2
$IMU,1247.00,-115.00,-148.00,-3216.000,-152.000,-16692.000,-17.3,0.0,-5.2
$IMU,1222.00,-104.00,-161.00,-3160.000,-156.000,-16816.000,-17.3,0.0,-5.2
$IMU,1220.00,-113.00,-152.00,-3216.000,-144.000,-16672.000,-17.3,0.0,-5.2
$IMU,1214.00,-99.00,-167.00,-3204.000,-60.000,-16744.000,-17.3,0.0,-5.2
$IMU,1245.00,-135.00,-167.00,-3200.000,-108.000,-16816.000,-17.3,0.0,-5.2
$COLOR,151,50.6,49.6,49.2
$BUTTON,0,0
$IMU,1194.00,-83.00,-161.00,-3144.000,-152.000,-16756.000,-17.3,0.0,-5.2
$IMU,1212.00,-112.00,-145.00,-3192.000,-120.000,-16704.000,-17.3,0.0,-5.2
$IMU,1221.00,-131.00,-153.00,-3208.000,-96.000,-16596.000,-17.3,0.0,-5.2
$IMU,1191.00,-107.00,-192.00,-3164.000,-104.000,-16768.000,-17.3,0.0,-5.2
$ADC,48.7,50.0,100.0,99.9
$IMU,1192.00,-89.00,-130.00,-3136.000,-128.000,-16756.000,-17.3,0.0,-5.2
$DIST,3501,191,202,885
$IMU,1230.00,-121.00,-152.00,-3220.000,-120.000,-16604.000,-17.3,0.0,-5.2
$IMU,1226.00,-116.00,-140.00,-3196.000,-124.000,-16708.000,-17.3,0.0,-5.2
$IMU,1213.00,-111.00,-139.00,-3180.000,-160.000,-16680.000,-17.3,0.0,-5.2
$IMU,1197.00,-102.00,-159.00,-3144.000,-120.000,-16812.000,-17.3,0.0,-5.2
$IMU,1200.00,-115.00,-158.00,-3104.000,-108.000,-16688.000,-17.3,0.0,-5.2
$IMU,1215.00,-125.00,-151.00,-3220.000,-132.000,-16632.000,-17.3,0.0,-5.2
$IMU,1195.00,-108.00,-150.00,-3184.000,-96.000,-16736.000,-17.3,0.0,-5.2
$IMU,1190.00,-93.00,-167.00,-3168.000,-148.000,-16628.000,-17.3,0.0,-5.2
$IMU,1246.00,-117.00,-151.00,-3168.000,-148.000,-16664.000,-17.3,0.0,-5.2
$IMU,1209.00,-120.00,-164.00,-3192.000,-80.000,-16692.000,-17.3,0.0,-5.2
$COLOR,157,51.5,49.7,48.5
$BUTTON,0,0
$IMU,1225.00,-95.00,-150.00,-3232.000,-208.000,-16636.000,-17.3,0.0,-5.2
$IMU,1209.00,-97.00,-128.00,-3208.000,-180.000,-16644.000,-17.3,0.0,-5.2
$IMU,1211.00,-109.00,-140.00,-3208.000,-180.000,-16676.000,-17.3,0.0,-5.2
$IMU,1218.00,-84.00,-127.00,-3144.000,-68.000,-16584.000,-17.3,0.0,-5.2
$ADC,48.6,50.0,100.0,99.9
$IMU,1215.00,-94.00,-159.00,-3196.000,-152.000,-16776.000,-17.3,0.0,-5.2
$DIST,3501,579,208,871
$IMU,1239.00,-105.00,-154.00,-3164.000,-164.000,-16616.000,-17.3,0.0,-5.2
$IMU,1209.00,-99.00,-144.00,-3172.000,-80.000,-16696.000,-17.3,0.0,-5.2
$IMU,1232.00,-110.00,-155.00,-3224.000,-104.000,-16732.000,-17.3,0.0,-5.2
$IMU,1213.00,-108.00,-158.00,-3112.000,-176.000,-16752.000,-17.3,0.0,-5.2
$IMU,1211.00,-109.00,-137.00,-3172.000,-120.000,-16764.000,-17.3,0.0,-5.2
$IMU,1204.00,-97.00,-172.00,-3180.000,-120.000,-16688.000,-17.3,0.0,-5.2
$IMU,1200.00,-84.00,-164.00,-3232.000,-136.000,-16656.000,-17.3,0.0,-5.2
$IMU,1217.00,-94.00,-138.00,-3180.000,-64.000,-16700.000,-17.3,0.0,-5.2
$IMU,1182.00,-86.00,-138.00,-3132.000,-184.000,-16732.000,-17.3,0.0,-5.2
$IMU,1213.00,-112.00,-176.00,-3160.000,-120.000,-16696.000,-17.3,0.0,-5.2
$COLOR,153,50.8,49.7,49.2
$BUTTON,0,0
$IMU,1197.00,-115.00,-145.00,-3156.000,-120.000,-16684.000,-17.3,0.0,-5.2
$IMU,1182.00,-109.00,-153.00,-3172.000,-56.000,-16772.000,-17.3,0.0,-5.2
$IMU,1210.00,-127.00,-151.00,-3180.000,-160.000,-16740.000,-17.3,0.0,-5.2
$IMU,1208.00,-101.00,-154.00,-3172.000,-128.000,-16644.000,-17.3,0.0,-5.2
$ADC,48.6,50.0,100.0,99.9
$IMU,1211.00,-109.00,-147.00,-3136.000,-208.000,-16780.000,-17.3,0.0,-5.2
$DIST,3501,233,202,864
$IMU,1205.00,-91.00,-136.00,-3196.000,-88.000,-16788.000,-17.3,0.0,-5.2
$IMU,1220.00,-105.00,-160.00,-3152.000,-108.000,-16784.000,-17.3,0.0,-5.2
$IMU,1216.00,-107.00,-174.00,-3168.000,-164.000,-16620.000,-17.3,0.0,-5.2
$IMU,1200.00,-126.00,-162.00,-3152.000,-100.000,-16660.000,-17.3,0.0,-5.2
$IMU,1223.00,-110.00,-144.00,-3176.000,-156.000,-16748.000,-17.3,0.0,-5.2
$IMU,1230.00,-101.00,-148.00,-3192.000,-104.000,-16768.000,-17.3,0.0,-5.2
$IMU,1219.00,-107.00,-161.00,-3112.000,-116.000,-16716.000,-17.3,0.0,-5.2
$IMU,1218.00,-100.00,-159.00,-3176.000,-104.000,-16716.000,-17.3,0.0,-5.2
$IMU,1224.00,-113.00,-158.00,-3212.000,-104.000,-16716.000,-17.3,0.0,-5.2
$IMU,1221.00,-75.00,-154.00,-3096.000,-68.000,-16712.000,-17.3,0.0,-5.2
$COLOR,152,52.2,49.7,48.8
$BUTTON,0,0
$IMU,1205.00,-105.00,-140.00,-3212.000,-88.000,-16736.000,-17.3,0.0,-5.2
$IMU,1204.00,-94.00,-149.00,-3172.000,-180.000,-16676.000,-17.3,0.0,-5.2
$IMU,1213.00,-130.00,-167.00,-3196.000,-100.000,-16876.000,-17.3,0.0,-5.2
$IMU,1202.00,-113.00,-155.00,-3188.000,-96.000,-16800.000,-17.3,0.0,-5.2
$ADC,48.6,50.0,100.0,99.9
$IMU,1202.00,-101.00,-153.00,-3160.000,-152.000,-16660.000,-17.3,0.0,-5.2
$DIST,3501,405,209,895
$IMU,1189.00,-101.00,-147.00,-3176.000,-140.000,-16784.000,-17.3,0.0,-5.2
$IMU,1225.00,-116.00,-126.00,-3148.000,-84.000,-16692.000,-17.3,0.0,-5.2
$IMU,1213.00,-114.00,-148.00,-3208.000,-116.000,-16692.000,-17.3,0.0,-5.2
$IMU,1223.00,-97.00,-133.00,-3192.000,-116.000,-16756.000,-17.3,0.0,-5.2
$IMU,1201.00,-96.00,-152.00,-3080.000,-212.000,-16788.000,-17.3,0.0,-5.2
$IMU,1220.00,-117.00,-148.00,-3108.000,-104.000,-16732.000,-17.3,0.0,-5.2
$IMU,1191.00,-103.00,-155.00,-3224.000,-124.000,-16788.000,-17.3,0.0,-5.2
$IMU,1258.00,-112.00,-142.00,-3156.000,-164.000,-16668.000,-17.3,0.0,-5.2
$IMU,1214.00,-105.00,-127.00,-3160.000,-148.000,-16700.000,-17.3,0.0,-5.2
$IMU,1232.00,-108.00,-149.00,-3196.000,-96.000,-16744.000,-17.3,0.0,-5.2
$COLOR,153,50.8,49.7,49.2
$BUTTON,0,0
$IMU,1211.00,-100.00,-153.00,-3212.000,-160.000,-16676.000,-17.3,0.0,-5.2
$IMU,1217.00,-125.00,-129.00,-3196.000,-108.000,-16724.000,-17.3,0.0,-5.2
$IMU,1198.00,-91.00,-173.00,-3156.000,-172.000,-16660.000,-17.3,0.0,-5.2
$IMU,1206.00,-118.00,-142.00,-3232.000,-72.000,-16672.000,-17.3,0.0,-5.2
$ADC,48.7,50.0,99.9,99.8
$IMU,1225.00,-97.00,-122.00,-3220.000,-192.000,-16816.000,-17.3,0.0,-5.2
$DIST,3501,589,204,833
$IMU,1232.00,-111.00,-150.00,-3212.000,-72.000,-16756.000,-17.3,0.0,-5.2
$IMU,1229.00,-93.00,-146.00,-3144.000,-136.000,-16704.000,-17.3,0.0,-5.2
$IMU,1200.00,-123.00,-168.00,-3208.000,-164.000,-16760.000,-17.3,0.0,-5.2
$IMU,1214.00,-115.00,-169.00,-3132.000,-164.000,-16720.000,-17.3,0.0,-5.2
$IMU,1236.00,-99.00,-163.00,-3148.000,-128.000,-16728.000,-17.3,0.0,-5.2
$IMU,1197.00,-97.00,-161.00,-3116.000,-176.000,-16680.000,-17.3,0.0,-5.2
$IMU,1210.00,-105.00,-153.00,-3164.000,-76.000,-16724.000,-17.3,0.0,-5.2
$IMU,1215.00,-109.00,-161.00,-3204.000,-72.000,-16700.000,-17.3,0.0,-5.2
$IMU,1247.00,-111.00,-164.00,-3188.000,-128.000,-16748.000,-17.3,0.0,-5.2
$IMU,1204.00,-99.00,-131.00,-3180.000,-180.000,-16652.000,-17.3,0.0,-5.2
$COLOR,144,51.2,49.8,49.5
$BUTTON,0,0
$IMU,1204.00,-101.00,-147.00,-3172.000,-92.000,-16724.000,-17.3,0.0,-5.2
$IMU,1221.00,-102.00,-137.00,-3160.000,-168.000,-16732.000,-17.3,0.0,-5.2
$IMU,1226.00,-94.00,-175.00,-3156.000,-92.000,-16744.000,-17.3,0.0,-5.2
$IMU,1202.00,-112.00,-150.00,-3168.000,-120.000,-16672.000,-17.3,0.0,-5.2
$ADC,48.7,50.0,99.9,99.9
$IMU,1200.00,-124.00,-152.00,-3124.000,-176.000,-16768.000,-17.3,0.0,-5.2
$DIST,3501,576,202,869
$IMU,1230.00,-108.00,-155.00,-3220.000,-96.000,-16656.000,-17.3,0.0,-5.2
$IMU,1219.00,-125.00,-175.00,-3148.000,-84.000,-16736.000,-17.3,0.0,-5.2
$IMU,1224.00,-81.00,-137.00,-3224.000,-140.000,-16696.000,-17.3,0.0,-5.2
$IMU,1190.00,-112.00,-141.00,-3236.000,-108.000,-16676.000,-17.3,0.0,-5.2
$IMU,1216.00,-97.00,-141.00,-3136.000,-72.000,-16796.000,-17.3,0.0,-5.2
$IMU,1211.00,-100.00,-146.00,-3124.000,-76.000,-16752.000,-17.3,0.0,-5.2
$IMU,1205.00,-118.00,-150.00,-3160.000,-124.000,-16720.000,-17.3,0.0,-5.2
$IMU,1208.00,-95.00,-139.00,-3212.000,-84.000,-16748.000,-17.3,0.0,-5.2
$IMU,1193.00,-131.00,-152.00,-3188.000,-120.000,-16708.000,-17.3,0.0,-5.2
$IMU,1233.00,-108.00,-167.00,-3176.000,-112.000,-16688.000,-17.3,0.0,-5.2
$COLOR,148,50.6,49.7,49.0
$BUTTON,0,0
$IMU,1207.00,-103.00,-149.00,-3184.000,-232.000,-16620.000,-17.3,0.0,-5.2
$IMU,1195.00,-121.00,-158.00,-3268.000,-100.000,-16720.000,-17.3,0.0,-5.2
$IMU,1235.00,-98.00,-150.00,-3152.000,-124.000,-16648.000,-17.3,0.0,-5.2
$IMU,1222.00,-114.00,-152.00,-3236.000,-100.000,-16688.000,-17.3,0.0,-5.2
$ADC,48.7,50.0,99.9,99.9
$IMU,1230.00,-93.00,-141.00,-3204.000,-84.000,-16708.000,-17.3,0.0,-5.2
$DIST,3501,578,208,895
$IMU,1217.00,-131.00,-139.00,-3172.000,-160.000,-16668.000,-17.3,0.0,-5.2
$IMU,1219.00,-95.00,-136.00,-3212.000,-140.000,-16696.000,-17.3,0.0,-5.2
$IMU,1177.00,-90.00,-178.00,-3192.000,-128.000,-16684.000,-17.3,0.0,-5.2
$IMU,1215.00,-121.00,-144.00,-3184.000,-112.000,-16656.000,-17.3,0.0,-5.2
$IMU,1213.00,-92.00,-165.00,-3216.000,-64.000,-16680.000,-17.3,0.0,-5.2
$IMU,1210.00,-120.00,-138.00,-3164.000,-128.000,-16848.000,-17.3,0.0,-5.2
$IMU,1208.00,-113.00,-146.00,-3156.000,-152.000,-16716.000,-17.3,0.0,-5.2
$IMU,1196.00,-116.00,-142.00,-3172.000,-100.000,-16780.000,-17.3,0.0,-5.2
$IMU,1216.00,-108.00,-151.00,-3204.000,-128.000,-16648.000,-17.3,0.0,-5.2
$IMU,1225.00,-110.00,-118.00,-3172.000,-136.000,-16720.000,-17.3,0.0,-5.2
$COLOR,148,50.6,49.7,49.0
$BUTTON,0,0
$IMU,1201.00,-109.00,-139.00,-3160.000,-120.000,-16700.000,-17.3,0.0,-5.2
$IMU,1232.00,-98.00,-171.00,-3176.000,-88.000,-16680.000,-17.3,0.0,-5.2
$IMU,1202.00,-95.00,-150.00,-3164.000,-144.000,-16844.000,-17.3,0.0,-5.2
$IMU,1218.00,-117.00,-148.00,-3136.000,-112.000,-16876.000,-17.3,0.0,-5.2
$ADC,48.7,50.0,99.9,99.9
$IMU,1234.00,-93.00,-156.00,-3116.000,-140.000,-16760.000,-17.3,0.0,-5.2
$DIST,3501,580,204,869
$IMU,1201.00,-101.00,-153.00,-3160.000,-148.000,-16728.000,-17.3,0.0,-5.2
$IMU,1208.00,-106.00,-171.00,-3140.000,-100.000,-16748.000,-17.3,0.0,-5.2
$IMU,1203.00,-128.00,-155.00,-3200.000,-60.000,-16788.000,-17.3,0.0,-5.2
$IMU,1233.00,-123.00,-146.00,-3160.000,-156.000,-16780.000,-17.3,0.0,-5.2
$IMU,1232.00,-122.00,-134.00,-3168.000,-168.000,-16788.000,-17.3,-0.0,-5.2
$IMU,1210.00,-102.00,-161.00,-3196.000,-172.000,-16684.000,-17.3,0.0,-5.2
$IMU,1196.00,-115.00,-136.00,-3176.000,-172.000,-16684.000,-17.3,0.0,-5.2
$IMU,1226.00,-104.00,-158.00,-3168.000,-192.000,-16752.000,-17.3,0.0,-5.2
$IMU,1213.00,-102.00,-154.00,-3088.000,-112.000,-16712.000,-17.3,-0.0,-5.2
$IMU,1225.00,-114.00,-135.00,-3160.000,-144.000,-16748.000,-17.3,-0.0,-5.2
$COLOR,150,50.6,49.7,49.0
$BUTTON,0,0
$IMU,1239.00,-95.00,-134.00,-3196.000,-144.000,-16796.000,-17.3,-0.0,-5.2
$IMU,1222.00,-98.00,-156.00,-3184.000,-164.000,-16740.000,-17.3,-0.0,-5.2
$IMU,1183.00,-93.00,-147.00,-3220.000,-152.000,-16720.000,-17.3,0.0,-5.2
$IMU,1212.00,-117.00,-135.00,-3140.000,-100.000,-16684.000,-17.3,-0.0,-5.2
$ADC,48.7,50.0,99.9,99.9
$IMU,1192.00,-98.00,-136.00,-3216.000,-120.000,-16740.000,-17.3,0.0,-5.2
$DIST,3501,574,199,900
$IMU,1240.00,-125.00,-163.00,-3192.000,-124.000,-16768.000,-17.3,0.0,-5.2
$IMU,1190.00,-113.00,-164.00,-3152.000,-92.000,-16720.000,-17.3,-0.0,-5.2
$IMU,1227.00,-112.00,-162.00,-3172.000,-164.000,-16684.000,-17.3,-0.0,-5.2
$IMU,1245.00,-117.00,-130.00,-3184.000,-204.000,-16752.000,-17.3,-0.0,-5.2
$IMU,1182.00,-101.00,-134.00,-3204.000,-188.000,-16720.000,-17.3,-0.0,-5.2
$IMU,1238.00,-90.00,-128.00,-3200.000,-136.000,-16768.000,-17.3,0.0,-5.2
$IMU,1200.00,-115.00,-144.00,-3148.000,-132.000,-16788.000,-17.3,-0.0,-5.2
$IMU,1215.00,-95.00,-168.00,-3204.000,-144.000,-16684.000,-17.3,0.0,-5.2
$IMU,1216.00,-81.00,-166.00,-3252.000,-116.000,-16764.000,-17.3,0.0,-5.2
$IMU,1202.00,-69.00,-141.00,-3148.000,-88.000,-16780.000,-17.3,0.0,-5.2
$COLOR,152,50.5,49.8,49.3
$BUTTON,0,0
$IMU,1211.00,-104.00,-150.00,-3160.000,-160.000,-16680.000,-17.3,0.0,-5.2
$IMU,1212.00,-118.00,-162.00,-3184.000,-164.000,-16788.000,-17.3,0.0,-5.2
$IMU,1214.00,-102.00,-117.00,-3200.000,-160.000,-16720.000,-17.3,0.0,-5.2
$IMU,1203.00,-125.00,-127.00,-3208.000,-164.000,-16700.000,-17.3,0.0,-5.2
$ADC,48.7,50.0,99.8,99.8
$IMU,1238.00,-86.00,-148.00,-3152.000,-84.000,-16808.000,-17.3,0.0,-5.2
$DIST,183,577,206,874
$IMU,1206.00,-99.00,-170.00,-3196.000,-128.000,-16844.000,-17.3,0.0,-5.2
$IMU,1225.00,-103.00,-163.00,-3136.000,-80.000,-16700.000,-17.3,0.0,-5.2
$IMU,1180.00,-126.00,-180.00,-3244.000,-64.000,-16780.000,-17.3,0.0,-5.2
$IMU,1200.00,-106.00,-137.00,-3200.000,-112.000,-16776.000,-17.3,0.0,-5.2
$IMU,1208.00,-103.00,-149.00,-3184.000,-96.000,-16780.000,-17.3,0.0,-5.2
$IMU,1227.00,-99.00,-149.00,-3160.000,-148.000,-16696.000,-17.3,0.0,-5.2
$IMU,1201.00,-101.00,-131.00,-3132.000,-112.000,-16700.000,-17.3,0.0,-5.2
$IMU,1225.00,-108.00,-154.00,-3172.000,-96.000,-16712.000,-17.3,0.0,-5.2
$IMU,1242.00,-103.00,-140.00,-3232.000,-148.000,-16692.000,-17.3,0.0,-5.2
$IMU,1201.00,-111.00,-168.00,-3204.000,-116.000,-16636.000,-17.3,0.0,-5.2
$COLOR,152,50.4,49.7,49.2
$BUTTON,0,0
$IMU,1186.00,-86.00,-144.00,-3212.000,-132.000,-16748.000,-17.3,0.0,-5.2
$IMU,1193.00,-98.00,-155.00,-3204.000,-160.000,-16704.000,-17.3,0.0,-5.2
$IMU,1201.00,-107.00,-163.00,-3128.000,-160.000,-16736.000,-17.3,0.0,-5.2
$IMU,1193.00,-122.00,-148.00,-3120.000,-100.000,-16672.000,-17.3,0.0,-5.2
$ADC,48.7,50.0,99.8,99.8
$IMU,1227.00,-90.00,-136.00,-3164.000,-132.000,-16644.000,-17.3,0.0,-5.2
$DIST,135,575,204,863
$IMU,1232.00,-99.00,-148.00,-3172.000,-104.000,-16760.000,-17.3,0.0,-5.2
$IMU,1180.00,-119.00,-143.00,-3188.000,-148.000,-16648.000,-17.3,0.0,-5.2
$IMU,1224.00,-133.00,-141.00,-3192.000,-144.000,-16584.000,-17.3,0.0,-5.2
$IMU,1202.00,-123.00,-140.00,-3172.000,-68.000,-16768.000,-17.3,0.0,-5.2
$IMU,1240.00,-90.00,-145.00,-3204.000,-156.000,-16888.000,-17.3,0.0,-5.2
$IMU,1212.00,-106.00,-153.00,-3268.000,-100.000,-16624.000,-17.3,0.0,-5.2
$IMU,1210.00,-99.00,-128.00,-3160.000,-112.000,-16736.000,-17.3,0.0,-5.2
$IMU,1205.00,-108.00,-150.00,-3204.000,-60.000,-16716.000,-17.3,0.0,-5.2
$IMU,1192.00,-111.00,-154.00,-3224.000,-96.000,-16684.000,-17.3,0.0,-5.2
$IMU,1206.00,-102.00,-161.00,-3204.000,-104.000,-16716.000,-17.3,0.0,-5.2
$COLOR,153,50.7,50.0,49.7
$BUTTON,0,0
$IMU,1191.00,-115.00,-141.00,-3192.000,-132.000,-16696.000,-17.3,0.0,-5.2
$IMU,1225.00,-105.00,-155.00,-3204.000,-60.000,-16820.000,-17.3,0.0,-5.2
$IMU,1196.00,-88.00,-155.00,-3200.000,-144.000,-16672.000,-17.3,0.0,-5.2
$IMU,1211.00,-134.00,-151.00,-3188.000,-132.000,-16668.000,-17.3,0.0,-5.2
$ADC,48.7,50.0,99.8,99.8
$IMU,1223.00,-109.00,-159.00,-3160.000,-164.000,-16716.000,-17.3,0.0,-5.2
$DIST,128,576,172,917
$IMU,1198.00,-104.00,-130.00,-3220.000,-140.000,-16720.000,-17.3,0.0,-5.2
$IMU,1228.00,-94.00,-136.00,-3124.000,-100.000,-16628.000,-17.3,0.0,-5.2
$IMU,1221.00,-104.00,-145.00,-3196.000,-188.000,-16740.000,-17.3,0.0,-5.2
$IMU,1211.00,-91.00,-163.00,-3280.000,-156.000,-16812.000,-17.3,0.0,-5.2
$IMU,1209.00,-97.00,-140.00,-3200.000,-116.000,-16724.000,-17.3,0.0,-5.2
$IMU,1192.00,-104.00,-147.00,-3168.000,-112.000,-16628.000,-17.3,0.0,-5.2
$IMU,1211.00,-120.00,-147.00,-3164.000,-136.000,-16856.000,-17.3,0.0,-5.2
$IMU,1223.00,-106.00,-119.00,-3252.000,-80.000,-16780.000,-17.3,0.0,-5.2
$IMU,1184.00,-107.00,-145.00,-3116.000,-176.000,-16720.000,-17.3,0.0,-5.2
$IMU,1208.00,-127.00,-144.00,-3228.000,-84.000,-16708.000,-17.3,0.0,-5.2
$COLOR,154,50.8,50.1,49.7
$BUTTON,0,0
$IMU,1204.00,-115.00,-165.00,-3176.000,-108.000,-16704.000,-17.3,0.0,-5.2
$IMU,1216.00,-117.00,-129.00,-3100.000,-128.000,-16692.000,-17.3,0.0,-5.2
$IMU,1196.00,-89.00,-157.00,-3104.000,-132.000,-16784.000,-17.3,0.0,-5.2
$IMU,1214.00,-108.00,-128.00,-3180.000,-96.000,-16616.000,-17.3,0.0,-5.2
$ADC,48.7,50.0,99.8,99.9
$IMU,1219.00,-124.00,-144.00,-3172.000,-112.000,-16732.000,-17.3,0.0,-5.2
$DIST,120,580,78,863
$IMU,1202.00,-99.00,-146.00,-3216.000,-144.000,-16752.000,-17.3,0.0,-5.2
$IMU,1198.00,-100.00,-155.00,-3176.000,-132.000,-16744.000,-17.3,0.0,-5.2
$IMU,1228.00,-96.00,-127.00,-3152.000,-160.000,-16600.000,-17.3,0.0,-5.2
$IMU,1210.00,-93.00,-140.00,-3184.000,-160.000,-16736.000,-17.3,0.0,-5.2
$IMU,1218.00,-107.00,-145.00,-3152.000,-120.000,-16748.000,-17.3,0.0,-5.2
$IMU,1224.00,-116.00,-139.00,-3168.000,-136.000,-16724.000,-17.3,0.0,-5.2
$IMU,1234.00,-120.00,-166.00,-3168.000,-144.000,-16656.000,-17.3,0.0,-5.2
$IMU,1228.00,-125.00,-146.00,-3172.000,-152.000,-16616.000,-17.3,0.0,-5.2
$IMU,1195.00,-103.00,-143.00,-3208.000,-140.000,-16700.000,-17.3,0.0,-5.2
$IMU,1234.00,-100.00,-155.00,-3192.000,-224.000,-16692.000,-17.3,0.0,-5.2
$COLOR,156,50.9,50.1,49.7
$BUTTON,0,0
$IMU,1199.00,-95.00,-157.00,-3188.000,-188.000,-16716.000,-17.3,0.0,-5.2
$IMU,1228.00,-122.00,-152.00,-3156.000,-132.000,-16636.000,-17.3,0.0,-5.2
$IMU,1225.00,-127.00,-156.00,-3168.000,-128.000,-16728.000,-17.3,0.0,-5.2
$IMU,1207.00,-119.00,-145.00,-3128.000,-64.000,-16756.000,-17.3,0.0,-5.2
$ADC,48.7,50.0,99.8,99.9
$IMU,1219.00,-129.00,-159.00,-3180.000,-44.000,-16668.000,-17.3,0.0,-5.2
$DIST,130,575,96,883
$IMU,1212.00,-100.00,-148.00,-3212.000,-96.000,-16808.000,-17.3,0.0,-5.2
$IMU,1174.00,-97.00,-154.00,-3240.000,-120.000,-16672.000,-17.3,0.0,-5.2
$IMU,1220.00,-110.00,-157.00,-3232.000,-172.000,-16736.000,-17.3,0.0,-5.2
$IMU,1201.00,-120.00,-140.00,-3164.000,-84.000,-16744.000,-17.3,0.0,-5.2
$IMU,1209.00,-96.00,-186.00,-3164.000,-180.000,-16784.000,-17.3,0.0,-5.2
$IMU,1198.00,-101.00,-160.00,-3188.000,-132.000,-16780.000,-17.3,0.0,-5.2
$IMU,1213.00,-118.00,-150.00,-3128.000,-128.000,-16644.000,-17.3,0.0,-5.2
$IMU,1184.00,-112.00,-139.00,-3164.000,-144.000,-16772.000,-17.3,0.0,-5.2
$IMU,1197.00,-123.00,-137.00,-3128.000,-128.000,-16756.000,-17.3,0.0,-5.2
$IMU,1202.00,-119.00,-155.00,-3188.000,-144.000,-16672.000,-17.3,0.0,-5.2
$COLOR,156,50.9,50.1,49.7
$BUTTON,0,0
$IMU,1186.00,-118.00,-144.00,-3200.000,-120.000,-16796.000,-17.3,0.0,-5.2
$IMU,1226.00,-112.00,-147.00,-3188.000,-100.000,-16836.000,-17.3,0.0,-5.2
$IMU,1213.00,-105.00,-158.00,-3220.000,-144.000,-16740.000,-17.3,0.0,-5.2
$IMU,1192.00,-108.00,-136.00,-3200.000,-96.000,-16748.000,-17.3,0.0,-5.2
$ADC,48.7,50.0,99.8,99.9
$IMU,1214.00,-124.00,-133.00,-3220.000,-196.000,-16700.000,-17.3,0.0,-5.2
$DIST,135,569,143,908
$IMU,1231.00,-95.00,-133.00,-3188.000,-172.000,-16772.000,-17.3,0.0,-5.2
$IMU,1200.00,-112.00,-142.00,-3220.000,-88.000,-16752.000,-17.3,0.0,-5.2
$IMU,1219.00,-108.00,-154.00,-3172.000,-36.000,-16796.000,-17.3,0.0,-5.2
$IMU,1205.00,-105.00,-134.00,-3212.000,-156.000,-16652.000,-17.3,0.0,-5.2
$IMU,1211.00,-91.00,-156.00,-3148.000,-80.000,-16708.000,-17.3,0.0,-5.2
$IMU,1225.00,-99.00,-166.00,-3160.000,-112.000,-16748.000,-17.3,0.0,-5.2
$IMU,1220.00,-133.00,-152.00,-3116.000,-108.000,-16784.000,-17.3,0.0,-5.2
$IMU,1217.00,-102.00,-123.00,-3164.000,-92.000,-16784.000,-17.3,0.0,-5.2
$IMU,1201.00,-102.00,-146.00,-3192.000,-136.000,-16700.000,-17.3,0.0,-5.2
$IMU,1191.00,-99.00,-147.00,-3196.000,-72.000,-16752.000,-17.3,0.0,-5.2
$COLOR,155,50.9,50.1,49.7
$BUTTON,0,0
$IMU,1197.00,-98.00,-154.00,-3148.000,-140.000,-16676.000,-17.3,0.0,-5.2
$IMU,1247.00,-103.00,-158.00,-3228.000,-96.000,-16724.000,-17.3,0.0,-5.2
$IMU,1236.00,-127.00,-181.00,-3184.000,-108.000,-16820.000,-17.3,0.0,-5.2
$IMU,1224.00,-104.00,-133.00,-3184.000,-52.000,-16796.000,-17.3,0.0,-5.2
$ADC,48.7,50.0,99.8,99.9
$IMU,1215.00,-114.00,-134.00,-3192.000,-132.000,-16816.000,-17.3,0.0,-5.2
$DIST,160,576,207,880
$IMU,1227.00,-143.00,-137.00,-3220.000,-76.000,-16736.000,-17.3,0.0,-5.2
$IMU,1233.00,-136.00,-179.00,-3144.000,-128.000,-16712.000,-17.3,0.0,-5.2
$IMU,1189.00,-80.00,-149.00,-3168.000,-140.000,-16648.000,-17.3,0.0,-5.2
$IMU,1215.00,-79.00,-149.00,-3152.000,-176.000,-16752.000,-17.3,0.0,-5.2
$IMU,1198.00,-98.00,-140.00,-3192.000,-92.000,-16760.000,-17.3,0.0,-5.2
$IMU,1196.00,-112.00,-150.00,-3196.000,-88.000,-16780.000,-17.3,0.0,-5.2
$IMU,1200.00,-78.00,-150.00,-3236.000,-56.000,-16688.000,-17.3,0.0,-5.2
$IMU,1224.00,-110.00,-139.00,-3132.000,-164.000,-16656.000,-17.3,0.0,-5.2
$IMU,1218.00,-111.00,-129.00,-3200.000,-152.000,-16656.000,-17.3,0.0,-5.2
$IMU,1200.00,-117.00,-149.00,-3144.000,-96.000,-16776.000,-17.3,0.0,-5.2
$COLOR,154,50.8,50.1,49.7
$BUTTON,0,0
$IMU,1236.00,-96.00,-156.00,-3176.000,-192.000,-16728.000,-17.3,0.0,-5.2
$IMU,1207.00,-96.00,-153.00,-3180.000,-128.000,-16780.000,-17.3,0.0,-5.2
$IMU,1212.00,-84.00,-138.00,-3168.000,-120.000,-16664.000,-17.3,0.0,-5.2
$IMU,1215.00,-120.00,-165.00,-3176.000,-136.000,-16672.000,-17.3,0.0,-5.2
$ADC,48.7,50.0,99.9,99.9
$IMU,1189.00,-105.00,-150.00,-3160.000,-100.000,-16712.000,-17.3,0.0,-5.2
$DIST,198,578,204,849
$IMU,1210.00,-109.00,-155.00,-3184.000,-100.000,-16768.000,-17.3,0.0,-5.2
$IMU,1201.00,-104.00,-144.00,-3176.000,-160.000,-16772.000,-17.3,0.0,-5.2
$IMU,1205.00,-110.00,-151.00,-3184.000,-188.000,-16788.000,-17.3,0.0,-5.2
$IMU,1225.00,-130.00,-139.00,-3180.000,-84.000,-16688.000,-17.3,0.0,-5.2
$IMU,1211.00,-126.00,-138.00,-3172.000,-168.000,-16716.000,-17.3,0.0,-5.2
$IMU,1228.00,-93.00,-141.00,-3188.000,-164.000,-16756.000,-17.3,0.0,-5.2
$IMU,1251.00,-104.00,-148.00,-3144.000,-152.000,-16668.000,-17.3,0.0,-5.2
$IMU,1207.00,-119.00,-127.00,-3148.000,-96.000,-16700.000,-17.3,0.0,-5.2
$IMU,1202.00,-121.00,-146.00,-3176.000,-76.000,-16800.000,-17.3,0.0,-5.2
$IMU,1195.00,-100.00,-145.00,-3152.000,-136.000,-16716.000,-17.3,0.0,-5.2
$COLOR,160,50.8,50.3,50.0
$BUTTON,0,0
$IMU,1191.00,-99.00,-160.00,-3208.000,-140.000,-16664.000,-17.3,0.0,-5.2
$IMU,1223.00,-108.00,-142.00,-3156.000,-128.000,-16720.000,-17.3,0.0,-5.2
$IMU,1238.00,-118.00,-144.00,-3168.000,-100.000,-16708.000,-17.3,0.0,-5.2
$IMU,1211.00,-116.00,-144.00,-3176.000,-120.000,-16732.000,-17.3,0.0,-5.2
$ADC,48.7,50.0,99.9,99.9
$IMU,1207.00,-107.00,-148.00,-3112.000,-108.000,-16800.000,-17.3,-0.0,-5.2
$DIST,189,570,206,860
$IMU,1207.00,-115.00,-152.00,-3204.000,-188.000,-16908.000,-17.3,-0.0,-5.2
$IMU,1210.00,-105.00,-152.00,-3144.000,-112.000,-16764.000,-17.3,-0.0,-5.2
$IMU,1214.00,-110.00,-152.00,-3180.000,-144.000,-16736.000,-17.3,-0.0,-5.2
$IMU,1213.00,-104.00,-152.00,-3264.000,-124.000,-16708.000,-17.3,0.0,-5.2
$IMU,1181.00,-94.00,-164.00,-3128.000,-140.000,-16628.000,-17.3,-0.0,-5.2
$IMU,1225.00,-105.00,-140.00,-3208.000,-220.000,-16560.000,-17.3,0.0,-5.2
$IMU,1213.00,-98.00,-169.00,-3140.000,-172.000,-16692.000,-17.3,0.0,-5.2
$IMU,1233.00,-141.00,-183.00,-3212.000,-156.000,-16688.000,-17.3,0.0,-5.2
$IMU,1221.00,-96.00,-170.00,-3100.000,64.000,-16712.000,-17.3,-0.0,-5.2
$IMU,1192.00,-100.00,-155.00,-3128.000,-40.000,-16712.000,-17.3,-0.0,-5.2
$COLOR,165,51.2,50.6,50.4
$BUTTON,0,0
$IMU,1211.00,-126.00,-131.00,-3220.000,-432.000,-16628.000,-17.3,-0.0,-5.2
$IMU,1260.00,-114.00,-158.00,-3188.000,-152.000,-16748.000,-17.3,-0.0,-5.2
$IMU,1196.00,-80.00,-149.00,-3124.000,-36.000,-16732.000,-17.3,-0.0,-5.2
$IMU,1237.00,-109.00,-144.00,-3136.000,-60.000,-16748.000,-17.3,-0.0,-5.2
$ADC,48.7,50.0,99.9,99.9
$IMU,1200.00,-111.00,-147.00,-3176.000,-88.000,-16676.000,-17.3,-0.0,-5.2
$DIST,148,580,206,855
$IMU,1171.00,-97.00,-155.00,-3160.000,-136.000,-16564.000,-17.3,-0.0,-5.2
$IMU,1207.00,-111.00,-156.00,-3204.000,-252.000,-16724.000,-17.3,-0.0,-5.2
$IMU,1235.00,-103.00,-130.00,-3156.000,-212.000,-16720.000,-17.3,-0.0,-5.2
$IMU,1203.00,-99.00,-150.00,-3040.000,-116.000,-16760.000,-17.3,-0.0,-5.2
$IMU,1205.00,-113.00,-163.00,-3172.000,-92.000,-16684.000,-17.3,-0.0,-5.2
$IMU,1218.00,-109.00,-133.00,-3260.000,-192.000,-16664.000,-17.3,-0.0,-5.2
$IMU,1228.00,-122.00,-156.00,-3264.000,-176.000,-16636.000,-17.3,0.0,-5.2
$IMU,1232.00,-132.00,-106.00,-3196.000,-100.000,-16640.000,-17.3,0.0,-5.2
$IMU,1227.00,-91.00,-124.00,-3212.000,-136.000,-16676.000,-17.3,0.0,-5.2
$IMU,1210.00,-90.00,-109.00,-3160.000,-100.000,-16612.000,-17.3,0.0,-5.2
$COLOR,166,53.7,51.8,52.6
$BUTTON,0,0
$IMU,1182.00,-104.00,-145.00,-3096.000,-144.000,-16772.000,-17.3,0.0,-5.2
$IMU,1195.00,-96.00,-125.00,-3168.000,-268.000,-16756.000,-17.3,0.0,-5.2
$IMU,1236.00,-106.00,-158.00,-3268.000,-216.000,-16628.000,-17.2,0.0,-5.2
$IMU,1245.00,-93.00,-198.00,-3188.000,-16.000,-16664.000,-17.3,0.0,-5.2
$ADC,48.6,50.0,99.9,99.9
$IMU,1215.00,-93.00,-154.00,-3084.000,28.000,-16636.000,-17.3,0.0,-5.2
$DIST,3501,573,203,873
$IMU,1226.00,-105.00,-127.00,-3092.000,-172.000,-16724.000,-17.3,0.0,-5.2
$IMU,1214.00,-108.00,-149.00,-3144.000,-216.000,-16796.000,-17.3,-0.0,-5.2
$IMU,1243.00,-118.00,-140.00,-3236.000,-156.000,-16792.000,-17.3,0.0,-5.2
$IMU,1216.00,-120.00,-144.00,-3212.000,-68.000,-16664.000,-17.3,0.0,-5.2
$IMU,1207.00,-109.00,-156.00,-3224.000,-48.000,-16704.000,-17.3,0.0,-5.2
$IMU,1202.00,-124.00,-155.00,-3208.000,-48.000,-16736.000,-17.3,0.0,-5.2
$IMU,1202.00,-136.00,-160.00,-3168.000,-272.000,-16752.000,-17.3,0.0,-5.2
$IMU,1223.00,-114.00,-165.00,-3184.000,-220.000,-16728.000,-17.3,0.0,-5.2
$IMU,1232.00,-98.00,-142.00,-3124.000,-72.000,-16804.000,-17.3,0.0,-5.2
$IMU,1220.00,-110.00,-153.00,-3160.000,-36.000,-16620.000,-17.3,0.0,-5.2
$COLOR,181,53.6,51.6,52.3
$BUTTON,0,0
$IMU,1214.00,-94.00,-167.00,-3240.000,-76.000,-16668.000,-17.3,0.0,-5.2
$IMU,1203.00,-116.00,-153.00,-3168.000,-160.000,-16732.000,-17.3,0.0,-5.2
$IMU,1198.00,-103.00,-141.00,-3176.000,-160.000,-16764.000,-17.3,0.0,-5.2
$IMU,1203.00,-99.00,-160.00,-3224.000,-168.000,-16612.000,-17.3,0.0,-5.2
$ADC,48.7,50.0,99.9,99.9
$IMU,1233.00,-107.00,-135.00,-3168.000,4.000,-16756.000,-17.3,0.0,-5.2
$DIST,131,580,204,3501
$IMU,1211.00,-116.00,-122.00,-3184.000,-112.000,-16684.000,-17.3,0.0,-5.2
$IMU,1218.00,-100.00,-144.00,-3292.000,-192.000,-16656.000,-17.3,0.0,-5.2
$IMU,1219.00,-104.00,-154.00,-3196.000,-176.000,-16680.000,-17.3,0.0,-5.2
$IMU,1236.00,-114.00,-154.00,-3172.000,-132.000,-16768.000,-17.3,0.0,-5.2
$IMU,1222.00,-119.00,-146.00,-3220.000,-60.000,-16680.000,-17.3,0.0,-5.2
$IMU,1224.00,-98.00,-152.00,-3232.000,-92.000,-16788.000,-17.3,0.0,-5.2
$IMU,1213.00,-104.00,-142.00,-3168.000,-124.000,-16740.000,-17.3,0.0,-5.2
$IMU,1226.00,-97.00,-133.00,-3144.000,-108.000,-16760.000,-17.3,0.0,-5.2
$IMU,1195.00,-107.00,-149.00,-3232.000,-104.000,-16660.000,-17.3,0.0,-5.2
$IMU,1217.00,-107.00,-167.00,-3152.000,-100.000,-16656.000,-17.3,0.0,-5.2
$COLOR,213,54.3,52.0,52.9
$BUTTON,0,0
$IMU,1193.00,-116.00,-163.00,-3096.000,-136.000,-16676.000,-17.3,0.0,-5.2
$IMU,1206.00,-121.00,-126.00,-3156.000,-160.000,-16708.000,-17.3,0.0,-5.2
$IMU,1205.00,-102.00,-152.00,-3216.000,-192.000,-16632.000,-17.3,0.0,-5.2
$IMU,1223.00,-105.00,-141.00,-3192.000,-164.000,-16792.000,-17.3,0.0,-5.2
$ADC,48.7,50.0,99.9,99.9
$IMU,1222.00,-105.00,-149.00,-3236.000,-88.000,-16760.000,-17.3,0.0,-5.2
$DIST,132,578,204,105
$IMU,1219.00,-100.00,-143.00,-3196.000,-124.000,-16776.000,-17.3,0.0,-5.2
$IMU,1230.00,-113.00,-156.00,-3188.000,-116.000,-16724.000,-17.3,0.0,-5.2
$IMU,1212.00,-108.00,-166.00,-3144.000,-120.000,-16736.000,-17.3,0.0,-5.2
$IMU,1201.00,-134.00,-135.00,-3160.000,-200.000,-16656.000,-17.3,0.0,-5.2
$IMU,1201.00,-106.00,-163.00,-3144.000,-76.000,-16776.000,-17.3,0.0,-5.2
$IMU,1233.00,-119.00,-164.00,-3156.000,-96.000,-16776.000,-17.3,0.0,-5.2
$IMU,1200.00,-110.00,-154.00,-3168.000,-184.000,-16700.000,-17.3,0.0,-5.2
$IMU,1218.00,-120.00,-142.00,-3196.000,-132.000,-16768.000,-17.3,0.0,-5.2
$IMU,1185.00,-105.00,-173.00,-3176.000,-84.000,-16676.000,-17.3,0.0,-5.2
$IMU,1211.00,-108.00,-156.00,-3232.000,-128.000,-16592.000,-17.3,0.0,-5.2
$COLOR,220,54.3,52.3,53.6
$BUTTON,0,0
$IMU,1206.00,-77.00,-161.00,-3196.000,-164.000,-16708.000,-17.3,0.0,-5.2
$IMU,1226.00,-93.00,-159.00,-3252.000,-180.000,-16696.000,-17.3,0.0,-5.2
$IMU,1184.00,-110.00,-150.00,-3176.000,-112.000,-16812.000,-17.3,0.0,-5.2
$IMU,1201.00,-106.00,-139.00,-3180.000,-120.000,-16736.000,-17.3,0.0,-5.2
$ADC,48.7,50.0,99.9,99.9
$IMU,1186.00,-85.00,-150.00,-3108.000,-80.000,-16880.000,-17.3,0.0,-5.2
$DIST,128,563,203,107
$IMU,1199.00,-118.00,-148.00,-3112.000,-172.000,-16740.000,-17.3,0.0,-5.2
$IMU,1196.00,-119.00,-158.00,-3140.000,-144.000,-16620.000,-17.3,0.0,-5.2
$IMU,1233.00,-80.00,-149.00,-3224.000,-140.000,-16692.000,-17.3,0.0,-5.2
$IMU,1197.00,-113.00,-124.00,-3204.000,-140.000,-16656.000,-17.3,0.0,-5.2
$IMU,1232.00,-124.00,-151.00,-3208.000,-120.000,-16608.000,-17.3,0.0,-5.2
$IMU,1228.00,-111.00,-153.00,-3220.000,-92.000,-16684.000,-17.3,0.0,-5.2
$IMU,1209.00,-106.00,-120.00,-3112.000,-92.000,-16796.000,-17.3,0.0,-5.2
$IMU,1211.00,-107.00,-159.00,-3196.000,-184.000,-16800.000,-17.3,0.0,-5.2
$IMU,1196.00,-98.00,-145.00,-3216.000,-88.000,-16728.000,-17.3,0.0,-5.2
$IMU,1202.00,-120.00,-150.00,-3188.000,-76.000,-16624.000,-17.3,0.0,-5.2
$COLOR,229,54.1,52.5,53.9
$BUTTON,0,0
$IMU,1236.00,-112.00,-159.00,-3164.000,-148.000,-16600.000,-17.3,0.0,-5.2
$IMU,1205.00,-118.00,-146.00,-3160.000,-108.000,-16668.000,-17.3,0.0,-5.2
$IMU,1216.00,-98.00,-163.00,-3140.000,-132.000,-16728.000,-17.3,0.0,-5.2
$IMU,1204.00,-119.00,-146.00,-3172.000,-176.000,-16652.000,-17.3,0.0,-5.2
$ADC,48.7,50.0,99.9,99.9
$IMU,1228.00,-126.00,-158.00,-3176.000,-148.000,-16804.000,-17.3,0.0,-5.2
$DIST,3501,584,202,111
$IMU,1202.00,-119.00,-133.00,-3148.000,-96.000,-16708.000,-17.3,0.0,-5.2
$IMU,1205.00,-87.00,-159.00,-3224.000,-108.000,-16736.000,-17.3,0.0,-5.2
$IMU,1212.00,-107.00,-147.00,-3224.000,-108.000,-16668.000,-17.3,0.0,-5.2
$IMU,1209.00,-73.00,-133.00,-3228.000,-96.000,-16604.000,-17.3,0.0,-5.2
$IMU,1222.00,-85.00,-152.00,-3156.000,-192.000,-16716.000,-17.3,0.0,-5.2
$IMU,1224.00,-116.00,-128.00,-3232.000,-80.000,-16812.000,-17.3,0.0,-5.2
$IMU,1206.00,-94.00,-168.00,-3180.000,-172.000,-16664.000,-17.3,0.0,-5.2
$IMU,1196.00,-92.00,-173.00,-3208.000,-80.000,-16780.000,-17.3,0.0,-5.2
$IMU,1238.00,-77.00,-124.00,-3216.000,-140.000,-16672.000,-17.3,0.0,-5.2
$IMU,1181.00,-100.00,-145.00,-3176.000,-160.000,-16664.000,-17.3,0.0,-5.2
$COLOR,225,54.1,52.3,53.7
$BUTTON,0,0
$IMU,1229.00,-120.00,-140.00,-3108.000,-152.000,-16796.000,-17.3,0.0,-5.2
$IMU,1227.00,-121.00,-168.00,-3148.000,-140.000,-16628.000,-17.3,0.0,-5.2
$IMU,1203.00,-131.00,-172.00,-3236.000,-100.000,-16708.000,-17.3,0.0,-5.2
$IMU,1205.00,-104.00,-156.00,-3220.000,-124.000,-16744.000,-17.3,0.0,-5.2
$ADC,48.7,50.0,99.9,99.9
$IMU,1202.00,-97.00,-157.00,-3208.000,-124.000,-16740.000,-17.3,0.0,-5.2
$DIST,120,575,203,854
$IMU,1215.00,-105.00,-155.00,-3164.000,-172.000,-16720.000,-17.3,0.0,-5.2
$IMU,1213.00,-115.00,-153.00,-3228.000,-104.000,-16708.000,-17.3,0.0,-5.2
$IMU,1206.00,-111.00,-173.00,-3212.000,-152.000,-16728.000,-17.3,0.0,-5.2
$IMU,1205.00,-88.00,-138.00,-3180.000,-108.000,-16664.000,-17.3,0.0,-5.2
$IMU,1200.00,-94.00,-168.00,-3316.000,-92.000,-16776.000,-17.3,0.0,-5.2
$IMU,1216.00,-112.00,-149.00,-3196.000,-108.000,-16704.000,-17.3,0.0,-5.2
$IMU,1201.00,-88.00,-128.00,-3216.000,-80.000,-16828.000,-17.3,0.0,-5.2
$IMU,1204.00,-99.00,-161.00,-3200.000,-152.000,-16724.000,-17.3,0.1,-5.2
$IMU,1219.00,-143.00,-141.00,-3212.000,-108.000,-16632.000,-17.3,0.1,-5.2
$IMU,1227.00,-93.00,-147.00,-3164.000,-168.000,-16812.000,-17.3,0.0,-5.2
$COLOR,222,53.9,52.1,53.2
$BUTTON,0,0
$IMU,1215.00,-97.00,-126.00,-3228.000,-120.000,-16736.000,-17.3,0.1,-5.2
$IMU,1234.00,-91.00,-133.00,-3144.000,-120.000,-16764.000,-17.3,0.0,-5.2
$IMU,1211.00,-80.00,-151.00,-3196.000,-148.000,-16752.000,-17.3,0.1,-5.2
$IMU,1218.00,-91.00,-152.00,-3100.000,-112.000,-16612.000,-17.3,0.0,-5.2
$ADC,48.7,50.0,99.9,99.9
$IMU,1222.00,-125.00,-126.00,-3168.000,-96.000,-16608.000,-17.3,0.0,-5.2
$DIST,3501,522,203,913
$IMU,1213.00,-98.00,-168.00,-3156.000,-96.000,-16760.000,-17.3,0.0,-5.2
$IMU,1218.00,-123.00,-132.00,-3184.000,-172.000,-16688.000,-17.3,0.0,-5.2
$IMU,1227.00,-94.00,-166.00,-3176.000,-172.000,-16740.000,-17.3,0.0,-5.2
$IMU,1188.00,-122.00,-137.00,-3272.000,-88.000,-16628.000,-17.3,0.0,-5.2
$IMU,1231.00,-93.00,-146.00,-3152.000,-104.000,-16736.000,-17.3,0.0,-5.2
$IMU,1189.00,-106.00,-161.00,-3148.000,-152.000,-16700.000,-17.3,0.0,-5.2
$IMU,1215.00,-89.00,-137.00,-3196.000,-172.000,-16724.000,-17.3,0.0,-5.2
$IMU,1237.00,-108.00,-134.00,-3180.000,-140.000,-16684.000,-17.3,0.0,-5.2
$IMU,1227.00,-108.00,-163.00,-3164.000,-92.000,-16668.000,-17.3,0.0,-5.2
$IMU,1212.00,-97.00,-109.00,-3132.000,-152.000,-16804.000,-17.3,0.0,-5.2
$COLOR,211,53.8,52.0,52.7
$BUTTON,0,0
$IMU,1221.00,-109.00,-154.00,-3152.000,-172.000,-16776.000,-17.3,0.0,-5.2
$IMU,1226.00,-125.00,-159.00,-3172.000,-136.000,-16804.000,-17.3,0.0,-5.2
$IMU,1194.00,-88.00,-146.00,-3116.000,-152.000,-16748.000,-17.3,0.0,-5.2
$IMU,1197.00,-117.00,-159.00,-3128.000,-136.000,-16696.000,-17.3,0.0,-5.2
$ADC,48.7,50.0,99.9,99.9
$IMU,1194.00,-104.00,-158.00,-3136.000,-128.000,-16712.000,-17.3,0.0,-5.2
$DIST,3501,491,201,901
$IMU,1198.00,-120.00,-165.00,-3176.000,-96.000,-16672.000,-17.3,0.0,-5.2
$IMU,1200.00,-86.00,-158.00,-3180.000,-168.000,-16676.000,-17.3,0.0,-5.2
$IMU,1220.00,-123.00,-149.00,-3108.000,-172.000,-16732.000,-17.3,0.0,-5.2
$IMU,1202.00,-103.00,-161.00,-3184.000,-104.000,-16724.000,-17.3,0.0,-5.2
$IMU,1214.00,-134.00,-159.00,-3200.000,-188.000,-16728.000,-17.3,0.0,-5.2
$IMU,1199.00,-101.00,-157.00,-3184.000,-160.000,-16748.000,-17.3,0.0,-5.2
$IMU,1227.00,-108.00,-167.00,-3216.000,-124.000,-16700.000,-17.3,0.0,-5.2
$IMU,1225.00,-114.00,-146.00,-3208.000,-76.000,-16752.000,-17.3,0.0,-5.2
$IMU,1200.00,-127.00,-134.00,-3212.000,-108.000,-16648.000,-17.3,0.0,-5.2
$IMU,1209.00,-107.00,-147.00,-3184.000,-80.000,-16704.000,-17.3,0.0,-5.2
$COLOR,194,53.1,51.5,52.0
$BUTTON,0,0
$IMU,1215.00,-81.00,-166.00,-3140.000,-152.000,-16628.000,-17.3,0.0,-5.2
$IMU,1220.00,-99.00,-123.00,-3180.000,-200.000,-16708.000,-17.3,0.0,-5.2
$IMU,1258.00,-88.00,-151.00,-3180.000,-92.000,-16700.000,-17.3,0.0,-5.2
$IMU,1199.00,-83.00,-133.00,-3168.000,-112.000,-16772.000,-17.3,0.0,-5.2
$ADC,48.7,50.0,99.9,99.9
$IMU,1206.00,-123.00,-155.00,-3176.000,-136.000,-16796.000,-17.3,0.0,-5.2
$DIST,160,572,204,896
$IMU,1217.00,-104.00,-165.00,-3136.000,-124.000,-16716.000,-17.3,0.0,-5.2
$IMU,1223.00,-97.00,-171.00,-3140.000,-128.000,-16704.000,-17.3,0.0,-5.2
$IMU,1200.00,-85.00,-150.00,-3200.000,-96.000,-16760.000,-17.3,0.0,-5.2
$IMU,1219.00,-115.00,-148.00,-3132.000,-168.000,-16756.000,-17.3,0.0,-5.2
$IMU,1237.00,-106.00,-135.00,-3156.000,-140.000,-16664.000,-17.3,0.0,-5.2
$IMU,1220.00,-104.00,-161.00,-3132.000,-112.000,-16608.000,-17.3,0.0,-5.2
$IMU,1219.00,-109.00,-141.00,-3120.000,-108.000,-16808.000,-17.3,0.0,-5.2
$IMU,1218.00,-112.00,-147.00,-3164.000,-108.000,-16712.000,-17.3,0.0,-5.2
$IMU,1194.00,-100.00,-152.00,-3204.000,-116.000,-16640.000,-17.3,0.0,-5.2
$IMU,1231.00,-108.00,-140.00,-3236.000,-152.000,-16668.000,-17.3,0.0,-5.2
$COLOR,177,51.0,50.4,50.6
$BUTTON,0,0
$IMU,1206.00,-74.00,-162.00,-3204.000,-88.000,-16656.000,-17.3,0.0,-5.2
$IMU,1197.00,-110.00,-160.00,-3152.000,-108.000,-16680.000,-17.3,0.0,-5.2
$IMU,1226.00,-93.00,-168.00,-3156.000,-140.000,-16724.000,-17.3,0.0,-5.2
$IMU,1222.00,-103.00,-154.00,-3136.000,-96.000,-16716.000,-17.3,0.0,-5.2
$ADC,48.7,50.0,99.9,99.9
$IMU,1197.00,-95.00,-145.00,-3156.000,-152.000,-16716.000,-17.3,0.0,-5.2
$DIST,131,578,203,874
$IMU,1207.00,-113.00,-151.00,-3156.000,-64.000,-16720.000,-17.3,0.0,-5.2
$IMU,1225.00,-76.00,-145.00,-3152.000,-104.000,-16648.000,-17.3,0.0,-5.2
$IMU,1203.00,-111.00,-148.00,-3172.000,-164.000,-16716.000,-17.3,0.0,-5.2
$IMU,1234.00,-119.00,-168.00,-3168.000,-80.000,-16716.000,-17.3,0.0,-5.2
$IMU,1210.00,-120.00,-149.00,-3132.000,-136.000,-16596.000,-17.3,0.0,-5.2
$IMU,1211.00,-85.00,-153.00,-3148.000,-88.000,-16636.000,-17.3,0.0,-5.2
$IMU,1227.00,-98.00,-173.00,-3184.000,-92.000,-16732.000,-17.3,0.0,-5.2
$IMU,1208.00,-104.00,-152.00,-3164.000,-172.000,-16716.000,-17.3,0.0,-5.2
$IMU,1219.00,-111.00,-162.00,-3160.000,-116.000,-16640.000,-17.3,0.0,-5.2
$IMU,1227.00,-112.00,-160.00,-3152.000,-172.000,-16676.000,-17.3,0.0,-5.2
$COLOR,170,50.5,50.2,50.3
$BUTTON,0,0
$IMU,1195.00,-94.00,-154.00,-3192.000,-144.000,-16700.000,-17.3,0.0,-5.2
$IMU,1206.00,-122.00,-165.00,-3216.000,-124.000,-16696.000,-17.3,0.0,-5.2
$IMU,1210.00,-128.00,-147.00,-3140.000,-100.000,-16756.000,-17.3,0.0,-5.2
$IMU,1220.00,-92.00,-170.00,-3160.000,-124.000,-16732.000,-17.3,0.0,-5.2
$ADC,48.7,50.0,99.9,99.9
$IMU,1209.00,-82.00,-148.00,-3244.000,-140.000,-16700.000,-17.3,0.0,-5.2
$DIST,155,574,202,846
$IMU,1234.00,-118.00,-138.00,-3232.000,-144.000,-16664.000,-17.3,0.0,-5.2
$IMU,1255.00,-107.00,-141.00,-3208.000,-84.000,-16692.000,-17.3,0.0,-5.2
$IMU,1213.00,-102.00,-156.00,-3176.000,-112.000,-16644.000,-17.3,0.0,-5.2
$IMU,1215.00,-97.00,-148.00,-3184.000,-168.000,-16724.000,-17.3,0.0,-5.2
$IMU,1229.00,-103.00,-153.00,-3256.000,-144.000,-16704.000,-17.3,0.0,-5.2
$IMU,1209.00,-99.00,-141.00,-3148.000,-112.000,-16784.000,-17.3,0.0,-5.2
$IMU,1194.00,-111.00,-165.00,-3176.000,-108.000,-16696.000,-17.3,0.0,-5.2
$IMU,1229.00,-111.00,-142.00,-3176.000,-156.000,-16716.000,-17.3,0.0,-5.2
$IMU,1228.00,-59.00,-131.00,-3188.000,-96.000,-16736.000,-17.3,0.0,-5.2
$IMU,1207.00,-100.00,-173.00,-3176.000,-100.000,-16708.000,-17.3,0.0,-5.2
$COLOR,167,50.2,50.2,50.3
$BUTTON,0,0
$IMU,1217.00,-128.00,-177.00,-3164.000,-72.000,-16852.000,-17.3,0.0,-5.2
$IMU,1214.00,-111.00,-128.00,-3128.000,-96.000,-16744.000,-17.3,0.0,-5.2
$IMU,1197.00,-97.00,-163.00,-3152.000,-136.000,-16616.000,-17.3,0.0,-5.2
$IMU,1202.00,-119.00,-154.00,-3088.000,-184.000,-16744.000,-17.3,0.0,-5.2
$ADC,48.7,50.0,99.9,99.9
$IMU,1223.00,-83.00,-165.00,-3172.000,-156.000,-16724.000,-17.3,0.0,-5.2
$DIST,156,587,208,915
$IMU,1172.00,-114.00,-154.00,-3108.000,-136.000,-16820.000,-17.3,0.0,-5.2
$IMU,1198.00,-106.00,-149.00,-3188.000,-108.000,-16640.000,-17.3,0.0,-5.2
$IMU,1213.00,-111.00,-147.00,-3192.000,-160.000,-16684.000,-17.3,0.0,-5.2
$IMU,1221.00,-95.00,-150.00,-3164.000,-112.000,-16744.000,-17.3,0.0,-5.2
$IMU,1214.00,-113.00,-147.00,-3120.000,-148.000,-16648.000,-17.3,0.0,-5.2
$IMU,1223.00,-90.00,-155.00,-3096.000,-184.000,-16700.000,-17.3,0.0,-5.2
$IMU,1225.00,-96.00,-146.00,-3172.000,-168.000,-16708.000,-17.3,0.0,-5.2
$IMU,1210.00,-111.00,-125.00,-3260.000,-116.000,-16764.000,-17.3,0.0,-5.2
$IMU,1234.00,-110.00,-150.00,-3220.000,-156.000,-16704.000,-17.3,0.0,-5.2
$IMU,1198.00,-100.00,-161.00,-3228.000,-120.000,-16632.000,-17.3,0.0,-5.2
$COLOR,162,50.0,49.8,50.2
$BUTTON,0,0
$IMU,1200.00,-109.00,-161.00,-3128.000,-88.000,-16640.000,-17.3,0.0,-5.2
$IMU,1197.00,-88.00,-164.00,-3196.000,-88.000,-16900.000,-17.3,0.0,-5.2
$IMU,1197.00,-129.00,-167.00,-3172.000,-144.000,-16800.000,-17.3,0.0,-5.2
$IMU,1216.00,-101.00,-135.00,-3128.000,-148.000,-16660.000,-17.3,0.0,-5.2
$ADC,48.7,50.0,99.9,99.9
$IMU,1215.00,-93.00,-166.00,-3200.000,-104.000,-16724.000,-17.3,0.0,-5.2
$DIST,167,574,205,901
$IMU,1229.00,-105.00,-139.00,-3240.000,-100.000,-16772.000,-17.3,0.0,-5.2
$IMU,1219.00,-109.00,-153.00,-3184.000,-96.000,-16680.000,-17.3,0.0,-5.2
$IMU,1207.00,-96.00,-164.00,-3168.000,-144.000,-16764.000,-17.3,0.0,-5.2
$IMU,1239.00,-121.00,-160.00,-3216.000,-128.000,-16792.000,-17.3,0.0,-5.2
$IMU,1237.00,-111.00,-148.00,-3164.000,-180.000,-16768.000,-17.3,0.0,-5.2
$IMU,1209.00,-104.00,-140.00,-3220.000,-188.000,-16648.000,-17.3,0.0,-5.2
$IMU,1196.00,-93.00,-151.00,-3120.000,-132.000,-16736.000,-17.3,0.0,-5.2
$IMU,1226.00,-100.00,-117.00,-3104.000,-92.000,-16748.000,-17.3,0.0,-5.2
$IMU,1200.00,-88.00,-155.00,-3144.000,-140.000,-16656.000,-17.3,0.0,-5.2
$IMU,1212.00,-74.00,-146.00,-3176.000,-188.000,-16840.000,-17.3,0.0,-5.2
$COLOR,162,50.0,50.0,50.2
$BUTTON,0,0
$IMU,1220.00,-77.00,-167.00,-3108.000,-172.000,-16672.000,-17.3,0.0,-5.2
$IMU,1223.00,-122.00,-158.00,-3196.000,-136.000,-16680.000,-17.3,0.0,-5.2
$IMU,1212.00,-109.00,-182.00,-3212.000,-140.000,-16772.000,-17.3,0.0,-5.2
$IMU,1218.00,-124.00,-150.00,-3212.000,-140.000,-16796.000,-17.3,0.0,-5.2
$ADC,48.7,50.0,99.9,99.9
$IMU,1215.00,-133.00,-149.00,-3156.000,-188.000,-16752.000,-17.3,0.0,-5.2
$DIST,151,570,202,892
$IMU,1219.00,-110.00,-164.00,-3236.000,-136.000,-16664.000,-17.3,0.0,-5.2
$IMU,1215.00,-90.00,-139.00,-3168.000,-220.000,-16696.000,-17.2,0.0,-5.2
$IMU,1202.00,-111.00,-153.00,-3196.000,-108.000,-16604.000,-17.2,0.0,-5.2
$IMU,1203.00,-73.00,-135.00,-3184.000,-76.000,-16688.000,-17.3,0.0,-5.2
$IMU,1213.00,-101.00,-137.00,-3080.000,-116.000,-16684.000,-17.3,0.0,-5.2
$IMU,1238.00,-124.00,-161.00,-3156.000,-188.000,-16704.000,-17.2,0.0,-5.2
$IMU,1236.00,-122.00,-158.00,-3196.000,-68.000,-16856.000,-17.3,0.0,-5.2
$IMU,1220.00,-118.00,-145.00,-3192.000,-152.000,-16584.000,-17.2,0.0,-5.2
$IMU,1189.00,-98.00,-133.00,-3088.000,-144.000,-16748.000,-17.3,0.0,-5.2
$IMU,1209.00,-112.00,-141.00,-3204.000,-152.000,-16680.000,-17.2,0.0,-5.2
$COLOR,161,49.9,49.9,50.1
$BUTTON,0,0
$IMU,1218.00,-121.00,-152.00,-3152.000,-132.000,-16732.000,-17.2,0.0,-5.2
$IMU,1215.00,-120.00,-162.00,-3152.000,-104.000,-16640.000,-17.3,0.0,-5.2
$IMU,1195.00,-103.00,-180.00,-3180.000,-116.000,-16824.000,-17.3,0.0,-5.2
$IMU,1197.00,-95.00,-168.00,-3176.000,-104.000,-16716.000,-17.3,0.0,-5.2
$ADC,48.7,50.0,99.9,99.9
$IMU,1222.00,-126.00,-143.00,-3184.000,-60.000,-16648.000,-17.3,0.0,-5.2
$DIST,163,578,205,925
$IMU,1204.00,-118.00,-121.00,-3144.000,-140.000,-16756.000,-17.3,-0.0,-5.2
$IMU,1251.00,-107.00,-160.00,-3164.000,-152.000,-16760.000,-17.3,-0.0,-5.2
$IMU,1192.00,-109.00,-147.00,-3156.000,-112.000,-16820.000,-17.3,-0.0,-5.2
$IMU,1211.00,-88.00,-160.00,-3204.000,-108.000,-16660.000,-17.3,-0.0,-5.2
$IMU,1206.00,-133.00,-144.00,-3248.000,-156.000,-16696.000,-17.3,0.0,-5.2
$IMU,1227.00,-111.00,-145.00,-3180.000,-100.000,-16804.000,-17.3,0.0,-5.2
$IMU,1218.00,-98.00,-167.00,-3164.000,-116.000,-16772.000,-17.3,0.0,-5.2
$IMU,1213.00,-95.00,-175.00,-3212.000,-108.000,-16684.000,-17.3,0.0,-5.2
$IMU,1202.00,-73.00,-132.00,-3208.000,-112.000,-16736.000,-17.3,0.0,-5.2
$IMU,1205.00,-130.00,-147.00,-3152.000,-148.000,-16668.000,-17.3,0.0,-5.2
$COLOR,161,50.0,50.0,50.2
$BUTTON,0,0
$IMU,1224.00,-120.00,-142.00,-3164.000,-196.000,-16716.000,-17.3,0.0,-5.2
$IMU,1213.00,-96.00,-157.00,-3148.000,-180.000,-16752.000,-17.3,0.0,-5.2
$IMU,1197.00,-94.00,-132.00,-3168.000,-136.000,-16776.000,-17.3,0.0,-5.2
$IMU,1178.00,-119.00,-147.00,-3120.000,-104.000,-16664.000,-17.3,-0.0,-5.2
$ADC,48.7,50.0,99.9,99.9
$IMU,1185.00,-100.00,-154.00,-3180.000,-48.000,-16756.000,-17.3,-0.0,-5.2
$DIST,163,572,206,853
$IMU,1221.00,-103.00,-133.00,-3212.000,-148.000,-16692.000,-17.3,0.0,-5.2
$IMU,1228.00,-100.00,-148.00,-3240.000,-120.000,-16756.000,-17.3,0.0,-5.2
$IMU,1233.00,-122.00,-159.00,-3188.000,-116.000,-16596.000,-17.3,0.0,-5.2
$IMU,1207.00,-109.00,-165.00,-3164.000,-104.000,-16712.000,-17.3,0.0,-5.2
$IMU,1212.00,-85.00,-148.00,-3132.000,-96.000,-16812.000,-17.3,0.0,-5.2
$IMU,1212.00,-107.00,-152.00,-3124.000,-112.000,-16692.000,-17.3,0.0,-5.2
$IMU,1213.00,-123.00,-161.00,-3276.000,-156.000,-16728.000,-17.3,0.0,-5.2
$IMU,1200.00,-97.00,-121.00,-3176.000,-216.000,-16716.000,-17.3,0.0,-5.2
$IMU,1200.00,-87.00,-151.00,-3164.000,-108.000,-16572.000,-17.3,0.0,-5.2
$IMU,1197.00,-92.00,-179.00,-3112.000,-100.000,-16704.000,-17.3,0.0,-5.2
$COLOR,159,49.8,49.8,50.1
$BUTTON,0,0
$IMU,1213.00,-65.00,-156.00,-3200.000,-112.000,-16716.000,-17.3,0.0,-5.2
$IMU,1214.00,-106.00,-170.00,-3232.000,-96.000,-16732.000,-17.3,0.0,-5.2
$IMU,1209.00,-114.00,-146.00,-3148.000,-108.000,-16744.000,-17.3,0.0,-5.2
$IMU,1211.00,-98.00,-153.00,-3200.000,-124.000,-16784.000,-17.3,0.0,-5.2
$ADC,48.7,50.0,99.9,99.9
$IMU,1221.00,-113.00,-153.00,-3172.000,-108.000,-16728.000,-17.3,0.0,-5.2
$DIST,165,577,200,845
$IMU,1203.00,-105.00,-167.00,-3176.000,-156.000,-16664.000,-17.3,0.0,-5.2
$IMU,1222.00,-121.00,-141.00,-3204.000,-148.000,-16700.000,-17.3,0.0,-5.2
$IMU,1210.00,-102.00,-142.00,-3156.000,-88.000,-16708.000,-17.3,0.0,-5.2
$IMU,1215.00,-118.00,-166.00,-3224.000,-96.000,-16708.000,-17.3,0.0,-5.2
$IMU,1202.00,-100.00,-155.00,-3224.000,-68.000,-16816.000,-17.3,0.0,-5.2
$IMU,1194.00,-110.00,-143.00,-3176.000,-200.000,-16752.000,-17.3,0.0,-5.2
$IMU,1200.00,-110.00,-161.00,-3136.000,-144.000,-16740.000,-17.3,0.0,-5.2
$IMU,1183.00,-104.00,-169.00,-3172.000,-160.000,-16688.000,-17.3,0.0,-5.2
$IMU,1197.00,-86.00,-132.00,-3224.000,-100.000,-16688.000,-17.3,0.0,-5.2
$IMU,1207.00,-83.00,-155.00,-3188.000,-144.000,-16688.000,-17.3,0.0,-5.2
$COLOR,160,49.8,49.8,50.2
$BUTTON,0,0
$IMU,1229.00,-107.00,-152.00,-3232.000,-148.000,-16668.000,-17.3,0.0,-5.2
$IMU,1232.00,-98.00,-158.00,-3192.000,-152.000,-16676.000,-17.3,0.0,-5.2
$IMU,1218.00,-115.00,-156.00,-3184.000,-180.000,-16800.000,-17.3,0.0,-5.2
$IMU,1225.00,-106.00,-154.00,-3160.000,-116.000,-16776.000,-17.3,0.0,-5.2
$ADC,48.7,50.0,99.9,99.9
$IMU,1182.00,-113.00,-150.00,-3280.000,-100.000,-16712.000,-17.3,0.0,-5.2
$DIST,133,563,204,900
$IMU,1197.00,-121.00,-151.00,-3212.000,-100.000,-16720.000,-17.3,0.0,-5.2
$IMU,1180.00,-96.00,-165.00,-3188.000,-140.000,-16696.000,-17.3,0.0,-5.2
$IMU,1223.00,-113.00,-159.00,-3164.000,-172.000,-16784.000,-17.3,0.0,-5.2
$IMU,1195.00,-92.00,-155.00,-3120.000,-140.000,-16768.000,-17.3,0.0,-5.2
$IMU,1217.00,-90.00,-170.00,-3116.000,-144.000,-16712.000,-17.3,0.0,-5.2
$IMU,1189.00,-101.00,-152.00,-3140.000,-116.000,-16768.000,-17.3,0.0,-5.2
$IMU,1193.00,-111.00,-147.00,-3196.000,-104.000,-16736.000,-17.3,0.0,-5.2
$IMU,1209.00,-112.00,-146.00,-3124.000,-88.000,-16764.000,-17.3,0.0,-5.2
$IMU,1223.00,-120.00,-143.00,-3256.000,-104.000,-16724.000,-17.3,0.0,-5.2
$IMU,1206.00,-82.00,-146.00,-3152.000,-108.000,-16728.000,-17.3,0.0,-5.2
$COLOR,159,50.0,49.8,50.2
$BUTTON,0,0
$IMU,1213.00,-96.00,-158.00,-3216.000,-120.000,-16808.000,-17.3,0.0,-5.2
$IMU,1209.00,-126.00,-158.00,-3196.000,-160.000,-16656.000,-17.3,0.0,-5.2
$IMU,1204.00,-92.00,-162.00,-3156.000,-152.000,-16776.000,-17.3,0.0,-5.2
$IMU,1199.00,-133.00,-164.00,-3160.000,-184.000,-16740.000,-17.3,0.0,-5.2
$ADC,48.7,50.0,99.9,99.9
$IMU,1228.00,-136.00,-143.00,-3184.000,-100.000,-16692.000,-17.3,0.0,-5.2
$DIST,3501,573,205,873
$IMU,1227.00,-96.00,-162.00,-3140.000,-72.000,-16716.000,-17.3,0.0,-5.2
$IMU,1199.00,-104.00,-145.00,-3200.000,-108.000,-16788.000,-17.3,0.0,-5.2
$IMU,1220.00,-114.00,-156.00,-3176.000,-140.000,-16688.000,-17.3,0.0,-5.2
$IMU,1198.00,-87.00,-136.00,-3224.000,-116.000,-16760.000,-17.3,0.0,-5.2
$IMU,1203.00,-81.00,-154.00,-3152.000,-108.000,-16660.000,-17.3,0.0,-5.2
$IMU,1209.00,-111.00,-149.00,-3132.000,-112.000,-16724.000,-17.3,0.0,-5.2
$IMU,1221.00,-124.00,-158.00,-3168.000,-136.000,-16780.000,-17.3,0.0,-5.2
$IMU,1204.00,-79.00,-155.00,-3204.000,-92.000,-16676.000,-17.3,0.0,-5.2
$IMU,1209.00,-100.00,-141.00,-3224.000,-96.000,-16736.000,-17.3,0.0,-5.2
$IMU,1239.00,-113.00,-134.00,-3168.000,-180.000,-16724.000,-17.3,0.0,-5.2
$COLOR,155,49.7,49.5,49.7
$BUTTON,0,0
$IMU,1182.00,-100.00,-153.00,-3192.000,-136.000,-16664.000,-17.3,0.0,-5.2
$IMU,1214.00,-107.00,-162.00,-3180.000,-68.000,-16732.000,-17.3,0.0,-5.2
$IMU,1189.00,-112.00,-164.00,-3156.000,-104.000,-16680.000,-17.3,0.0,-5.2
$IMU,1200.00,-105.00,-127.00,-3252.000,-44.000,-16728.000,-17.3,0.0,-5.2
$ADC,48.7,50.0,99.9,99.9
$IMU,1209.00,-99.00,-131.00,-3124.000,-176.000,-16632.000,-17.3,0.0,-5.2
$DIST,3501,582,205,860
$IMU,1218.00,-100.00,-154.00,-3192.000,-80.000,-16656.000,-17.3,0.0,-5.2
$IMU,1203.00,-114.00,-156.00,-3120.000,-112.000,-16604.000,-17.3,0.0,-5.2
$IMU,1209.00,-95.00,-142.00,-3124.000,-132.000,-16680.000,-17.3,0.0,-5.2
$IMU,1206.00,-80.00,-157.00,-3148.000,-112.000,-16792.000,-17.3,0.0,-5.2
$IMU,1201.00,-116.00,-150.00,-3164.000,-132.000,-16612.000,-17.3,0.0,-5.2
$IMU,1198.00,-102.00,-131.00,-3116.000,-152.000,-16704.000,-17.3,0.0,-5.2
$IMU,1219.00,-104.00,-120.00,-3168.000,-108.000,-16660.000,-17.3,0.0,-5.2
$IMU,1202.00,-91.00,-140.00,-3200.000,-152.000,-16672.000,-17.3,0.0,-5.2
$IMU,1236.00,-111.00,-149.00,-3140.000,-132.000,-16796.000,-17.3,0.0,-5.2
$IMU,1217.00,-100.00,-141.00,-3236.000,-100.000,-16668.000,-17.3,0.0,-5.2
$COLOR,159,50.5,49.5,49.2
$BUTTON,0,0
$IMU,1225.00,-104.00,-159.00,-3196.000,-100.000,-16688.000,-17.3,0.0,-5.2
$IMU,1218.00,-107.00,-173.00,-3188.000,-164.000,-16744.000,-17.3,0.0,-5.2
$IMU,1199.00,-86.00,-140.00,-3160.000,-156.000,-16692.000,-17.3,0.0,-5.2
$IMU,1250.00,-115.00,-159.00,-3184.000,-152.000,-16664.000,-17.3,0.0,-5.2
$ADC,48.7,50.0,99.9,99.9
$IMU,1201.00,-93.00,-151.00,-3200.000,-152.000,-16744.000,-17.3,0.0,-5.2
$DIST,85,588,204,918
$IMU,1230.00,-125.00,-164.00,-3168.000,-120.000,-16652.000,-17.3,0.0,-5.2
$IMU,1209.00,-101.00,-141.00,-3156.000,-68.000,-16748.000,-17.3,0.0,-5.2
$IMU,1199.00,-111.00,-143.00,-3192.000,-76.000,-16764.000,-17.3,0.0,-5.2
$IMU,1189.00,-106.00,-150.00,-3152.000,-216.000,-16660.000,-17.3,0.0,-5.2
$IMU,1196.00,-102.00,-136.00,-3176.000,-72.000,-16704.000,-17.3,0.0,-5.2
$IMU,1195.00,-127.00,-145.00,-3160.000,-140.000,-16664.000,-17.3,0.0,-5.2
$IMU,1206.00,-115.00,-168.00,-3244.000,-180.000,-16688.000,-17.3,0.0,-5.2
$IMU,1206.00,-105.00,-156.00,-3184.000,-160.000,-16748.000,-17.3,0.0,-5.2
$IMU,1216.00,-95.00,-136.00,-3124.000,-128.000,-16624.000,-17.3,0.0,-5.2
$IMU,1196.00,-81.00,-139.00,-3156.000,-68.000,-16664.000,-17.3,0.0,-5.2
$COLOR,162,55.0,48.4,45.3
$BUTTON,0,0
$IMU,1204.00,-124.00,-142.00,-3140.000,-116.000,-16664.000,-17.3,0.0,-5.2
$IMU,1218.00,-124.00,-162.00,-3084.000,-152.000,-16684.000,-17.3,0.0,-5.2
$IMU,1202.00,-108.00,-140.00,-3148.000,-132.000,-16820.000,-17.3,0.0,-5.2
$IMU,1201.00,-132.00,-144.00,-3144.000,-108.000,-16712.000,-17.3,0.0,-5.2
$ADC,48.7,50.0,99.9,99.8
$IMU,1230.00,-120.00,-128.00,-3152.000,-172.000,-16736.000,-17.3,-0.0,-5.2
$DIST,3501,578,203,910
$IMU,1216.00,-121.00,-147.00,-3220.000,-136.000,-16620.000,-17.3,0.0,-5.2
$IMU,1191.00,-122.00,-130.00,-3140.000,-132.000,-16712.000,-17.3,-0.0,-5.2
$IMU,1219.00,-158.00,-136.00,-3108.000,-104.000,-16720.000,-17.3,-0.0,-5.2
$IMU,1232.00,-161.00,-177.00,-3072.000,-108.000,-16604.000,-17.3,-0.0,-5.2
$IMU,1237.00,-173.00,-116.00,-3212.000,-116.000,-16764.000,-17.3,-0.0,-5.2
$IMU,1209.00,-153.00,-148.00,-3368.000,-140.000,-16832.000,-17.3,-0.0,-5.2
$IMU,1228.00,-85.00,-154.00,-3364.000,-176.000,-16584.000,-17.3,0.0,-5.2
$IMU,1223.00,-83.00,-165.00,-3332.000,-164.000,-16644.000,-17.3,0.0,-5.2
$IMU,1181.00,-57.00,-153.00,-3184.000,-180.000,-16716.000,-17.3,0.0,-5.2
$IMU,1192.00,-57.00,-137.00,-3164.000,-124.000,-16688.000,-17.3,0.0,-5.2
$COLOR,206,56.8,41.2,34.1
$BUTTON,0,0
$IMU,1224.00,-32.00,-148.00,-3184.000,-96.000,-16780.000,-17.3,0.0,-5.2
$IMU,1232.00,-51.00,-141.00,-3116.000,-84.000,-16808.000,-17.3,0.0,-5.2
$IMU,1197.00,-77.00,-104.00,-2996.000,-160.000,-16672.000,-17.3,0.0,-5.2
$IMU,1188.00,-106.00,-144.00,-3032.000,-180.000,-16804.000,-17.3,0.0,-5.2
$ADC,48.7,50.0,99.9,99.8
$IMU,1186.00,-126.00,-150.00,-3092.000,-140.000,-16824.000,-17.3,-0.0,-5.2
$DIST,3501,576,206,854
$IMU,1206.00,-138.00,-151.00,-3200.000,-72.000,-16708.000,-17.3,-0.0,-5.2
$IMU,1203.00,-119.00,-136.00,-3140.000,-124.000,-16728.000,-17.3,-0.0,-5.2
$IMU,1224.00,-173.00,-130.00,-3192.000,-124.000,-16704.000,-17.3,-0.0,-5.2
$IMU,1208.00,-140.00,-136.00,-3296.000,-168.000,-16668.000,-17.3,-0.0,-5.2
$IMU,1222.00,-70.00,-133.00,-3348.000,-148.000,-16656.000,-17.3,0.0,-5.2
$IMU,1213.00,-81.00,-152.00,-3220.000,-140.000,-16628.000,-17.3,0.0,-5.2
$IMU,1194.00,-102.00,-135.00,-3128.000,-140.000,-16528.000,-17.3,0.0,-5.2
$IMU,1202.00,-81.00,-161.00,-3096.000,-128.000,-16776.000,-17.3,0.0,-5.2
$IMU,1226.00,-89.00,-139.00,-3112.000,-120.000,-16772.000,-17.3,0.0,-5.2
$IMU,1199.00,-75.00,-144.00,-3160.000,-108.000,-16776.000,-17.3,0.0,-5.2
$COLOR,114,71.4,25.7,17.8
$BUTTON,0,0
$IMU,1217.00,-124.00,-182.00,-3172.000,-160.000,-16624.000,-17.3,0.0,-5.2
$IMU,1218.00,-130.00,-148.00,-3132.000,-148.000,-16688.000,-17.3,0.0,-5.2
$IMU,1224.00,-129.00,-125.00,-3096.000,-96.000,-16784.000,-17.3,-0.0,-5.2
$IMU,1206.00,-154.00,-134.00,-3156.000,-36.000,-16828.000,-17.3,-0.0,-5.2
$ADC,48.7,50.0,99.9,99.9
$IMU,1239.00,-151.00,-149.00,-3156.000,-104.000,-16732.000,-17.3,-0.0,-5.2
$DIST,78,572,206,903
$IMU,1234.00,-166.00,-136.00,-3200.000,-108.000,-16668.000,-17.3,-0.0,-5.2
$IMU,1233.00,-138.00,-193.00,-3248.000,-188.000,-16696.000,-17.3,-0.0,-5.2
$IMU,1215.00,-92.00,-172.00,-3280.000,-120.000,-16776.000,-17.3,-0.0,-5.2
$IMU,1213.00,-92.00,-144.00,-3292.000,-128.000,-16704.000,-17.3,0.0,-5.2
$IMU,1234.00,-108.00,-142.00,-3188.000,-68.000,-16784.000,-17.3,0.0,-5.2
$IMU,1179.00,-83.00,-147.00,-3124.000,-128.000,-16652.000,-17.3,0.0,-5.2
$IMU,1238.00,-84.00,-159.00,-3228.000,-192.000,-16736.000,-17.3,0.0,-5.2
$IMU,1221.00,-92.00,-148.00,-3124.000,-140.000,-16736.000,-17.3,0.0,-5.2
$IMU,1243.00,-107.00,-133.00,-3168.000,-76.000,-16676.000,-17.3,0.0,-5.2
$IMU,1210.00,-121.00,-131.00,-3192.000,-48.000,-16752.000,-17.3,0.0,-5.2
$COLOR,65471,79.7,22.1,15.9
$BUTTON,0,0
$IMU,1194.00,-112.00,-150.00,-3192.000,-132.000,-16728.000,-17.3,0.0,-5.2
$IMU,1217.00,-118.00,-154.00,-3216.000,-180.000,-16792.000,-17.3,0.0,-5.2
$IMU,1206.00,-105.00,-146.00,-3132.000,-168.000,-16656.000,-17.3,0.0,-5.2
$IMU,1209.00,-112.00,-125.00,-3220.000,-112.000,-16728.000,-17.3,0.0,-5.2
$ADC,48.7,50.0,99.9,99.9
$IMU,1222.00,-85.00,-135.00,-3200.000,-112.000,-16672.000,-17.3,0.0,-5.2
$DIST,146,574,205,905
$IMU,1201.00,-77.00,-133.00,-3208.000,-124.000,-16688.000,-17.3,0.0,-5.2
$IMU,1192.00,-100.00,-125.00,-3208.000,-140.000,-16736.000,-17.3,0.0,-5.2
$IMU,1213.00,-115.00,-132.00,-3164.000,-160.000,-16716.000,-17.3,0.0,-5.2
$IMU,1215.00,-96.00,-135.00,-3108.000,-104.000,-16688.000,-17.3,0.0,-5.2
$IMU,1186.00,-90.00,-135.00,-3116.000,-88.000,-16792.000,-17.3,0.0,-5.2
$IMU,1220.00,-107.00,-140.00,-3124.000,-124.000,-16792.000,-17.3,0.0,-5.2
$IMU,1204.00,-119.00,-143.00,-3172.000,-156.000,-16716.000,-17.3,0.0,-5.2
$IMU,1211.00,-131.00,-152.00,-3248.000,-132.000,-16604.000,-17.3,0.0,-5.2
$IMU,1207.00,-110.00,-177.00,-3260.000,-92.000,-16708.000,-17.3,0.0,-5.2
$IMU,1214.00,-83.00,-147.00,-3256.000,-100.000,-16664.000,-17.3,0.0,-5.2
$COLOR,65457,80.4,21.8,15.8
$BUTTON,0,0
$IMU,1197.00,-87.00,-146.00,-3212.000,-128.000,-16652.000,-17.3,0.0,-5.2
$IMU,1224.00,-64.00,-165.00,-3144.000,-104.000,-16740.000,-17.3,0.0,-5.2
$IMU,1226.00,-82.00,-134.00,-3128.000,-176.000,-16716.000,-17.3,0.0,-5.2
$IMU,1236.00,-94.00,-152.00,-3136.000,-80.000,-16836.000,-17.3,0.0,-5.2
$ADC,48.7,50.0,99.9,99.9
$IMU,1242.00,-96.00,-151.00,-3136.000,-116.000,-16684.000,-17.3,0.0,-5.2
$DIST,3501,580,206,836
$IMU,1228.00,-106.00,-149.00,-3144.000,-56.000,-16768.000,-17.3,0.0,-5.2
$IMU,1216.00,-104.00,-137.00,-3104.000,-144.000,-16744.000,-17.3,0.0,-5.2
$IMU,1219.00,-148.00,-169.00,-3112.000,-72.000,-16708.000,-17.3,0.0,-5.2
$IMU,1259.00,-144.00,-160.00,-3164.000,-72.000,-16644.000,-17.3,0.0,-5.2
$IMU,1228.00,-166.00,-153.00,-3256.000,-92.000,-16788.000,-17.3,0.0,-5.2
$IMU,1185.00,-138.00,-158.00,-3228.000,-144.000,-16768.000,-17.3,0.0,-5.2
$IMU,1193.00,-131.00,-158.00,-3212.000,-144.000,-16584.000,-17.3,0.0,-5.2
$IMU,1207.00,-104.00,-151.00,-3156.000,-160.000,-16664.000,-17.3,0.0,-5.2
$IMU,1212.00,-90.00,-129.00,-3112.000,-96.000,-16644.000,-17.3,0.0,-5.2
$IMU,1209.00,-115.00,-152.00,-3132.000,-124.000,-16664.000,-17.3,-0.0,-5.2
$COLOR,65453,80.7,21.7,15.6
$BUTTON,0,0
$IMU,1195.00,-103.00,-131.00,-3244.000,-132.000,-16676.000,-17.3,0.0,-5.2
$IMU,1176.00,-99.00,-149.00,-3248.000,-148.000,-16668.000,-17.3,0.0,-5.2
$IMU,1192.00,-86.00,-153.00,-3256.000,-120.000,-16752.000,-17.3,0.0,-5.2
$IMU,1211.00,-63.00,-125.00,-3208.000,-108.000,-16736.000,-17.3,0.0,-5.2
$ADC,48.7,50.0,99.8,99.9
$IMU,1222.00,-29.00,-133.00,-3276.000,-60.000,-16624.000,-17.3,0.0,-5.2
$DIST,3501,576,205,864
$IMU,1227.00,-66.00,-149.00,-3176.000,-176.000,-16788.000,-17.3,0.0,-5.2
$IMU,1191.00,-45.00,-133.00,-3144.000,-128.000,-16904.000,-17.3,0.0,-5.2
$IMU,1191.00,-52.00,-150.00,-3184.000,-172.000,-16788.000,-17.3,0.0,-5.2
$IMU,1186.00,-87.00,-179.00,-3120.000,-136.000,-16772.000,-17.3,0.0,-5.2
$IMU,1203.00,-90.00,-154.00,-3076.000,-96.000,-16800.000,-17.3,0.0,-5.2
$IMU,1218.00,-124.00,-151.00,-3068.000,-156.000,-16716.000,-17.3,0.0,-5.2
$IMU,1236.00,-115.00,-138.00,-3140.000,-92.000,-16708.000,-17.3,0.0,-5.2
$IMU,1218.00,-156.00,-125.00,-3176.000,-144.000,-16712.000,-17.3,0.0,-5.2
$IMU,1222.00,-163.00,-154.00,-3176.000,-176.000,-16672.000,-17.3,0.0,-5.2
$IMU,1211.00,-156.00,-163.00,-3232.000,-160.000,-16604.000,-17.3,0.0,-5.2
$COLOR,65457,80.4,21.8,15.5
$BUTTON,0,0
$IMU,1224.00,-124.00,-169.00,-3288.000,-64.000,-16752.000,-17.3,0.0,-5.2
$IMU,1217.00,-107.00,-164.00,-3272.000,-80.000,-16684.000,-17.3,0.0,-5.2
$IMU,1234.00,-104.00,-156.00,-3164.000,-52.000,-16772.000,-17.3,0.0,-5.2
$IMU,1234.00,-87.00,-152.00,-3108.000,-72.000,-16720.000,-17.3,0.0,-5.2
$ADC,48.7,50.0,99.9,99.9
$IMU,1202.00,-84.00,-157.00,-3028.000,-120.000,-16720.000,-17.3,0.0,-5.2
$DIST,3501,578,208,904
$IMU,1210.00,-122.00,-148.00,-3148.000,-80.000,-16796.000,-17.3,0.0,-5.2
$IMU,1192.00,-106.00,-143.00,-3244.000,-80.000,-16684.000,-17.3,0.0,-5.2
$IMU,1252.00,-124.00,-164.00,-3252.000,-88.000,-16700.000,-17.3,0.0,-5.2
$IMU,1214.00,-93.00,-139.00,-3268.000,-104.000,-16588.000,-17.3,0.0,-5.2
$IMU,1228.00,-108.00,-156.00,-3188.000,-168.000,-16668.000,-17.3,0.0,-5.2
$IMU,1213.00,-77.00,-176.00,-3124.000,-160.000,-16696.000,-17.3,0.0,-5.2
$IMU,1193.00,-97.00,-154.00,-3076.000,-176.000,-16736.000,-17.3,0.0,-5.2
$IMU,1202.00,-111.00,-170.00,-3072.000,-144.000,-16744.000,-17.3,0.0,-5.2
$IMU,1221.00,-130.00,-148.00,-3204.000,-40.000,-16724.000,-17.3,0.0,-5.2
$IMU,1207.00,-139.00,-159.00,-3268.000,-96.000,-16632.000,-17.3,0.0,-5.2
$COLOR,65480,79.1,22.1,15.5
$BUTTON,0,0
$IMU,1213.00,-108.00,-145.00,-3284.000,-136.000,-16636.000,-17.3,0.0,-5.2
$IMU,1230.00,-115.00,-158.00,-3240.000,-144.000,-16764.000,-17.3,0.0,-5.2
$IMU,1210.00,-118.00,-135.00,-3188.000,-180.000,-16668.000,-17.3,0.0,-5.2
$IMU,1206.00,-119.00,-145.00,-3112.000,-212.000,-16644.000,-17.3,0.0,-5.2
$ADC,48.7,50.0,99.9,99.9
$IMU,1191.00,-128.00,-133.00,-3148.000,-112.000,-16708.000,-17.3,0.0,-5.2
$DIST,3501,579,207,884
$IMU,1189.00,-104.00,-153.00,-3244.000,-120.000,-16628.000,-17.3,0.0,-5.2
$IMU,1238.00,-112.00,-161.00,-3152.000,-92.000,-16672.000,-17.3,0.0,-5.2
$IMU,1197.00,-97.00,-176.00,-3220.000,-160.000,-16620.000,-17.3,0.0,-5.2
$IMU,1241.00,-106.00,-156.00,-3160.000,-60.000,-16704.000,-17.3,0.0,-5.2
$IMU,1197.00,-69.00,-156.00,-3156.000,-88.000,-16776.000,-17.3,0.0,-5.2
$IMU,1197.00,-55.00,-134.00,-3208.000,-128.000,-16760.000,-17.3,0.0,-5.2
$IMU,1169.00,-63.00,-152.00,-3156.000,-156.000,-16728.000,-17.3,0.0,-5.2
$IMU,1185.00,-60.00,-154.00,-3120.000,-172.000,-16812.000,-17.3,0.0,-5.2
$IMU,1239.00,-79.00,-157.00,-3108.000,-40.000,-16836.000,-17.3,0.0,-5.2
$IMU,1222.00,-128.00,-152.00,-3068.000,-84.000,-16668.000,-17.3,0.0,-5.2
$COLOR,107,73.6,24.9,16.2
$BUTTON,0,0
$IMU,1216.00,-113.00,-133.00,-3080.000,-112.000,-16792.000,-17.3,0.0,-5.2
$IMU,1217.00,-98.00,-152.00,-3132.000,-160.000,-16612.000,-17.3,0.0,-5.2
$IMU,1238.00,-142.00,-137.00,-3184.000,-136.000,-16832.000,-17.3,0.0,-5.2
$IMU,1246.00,-133.00,-155.00,-3200.000,-212.000,-16644.000,-17.3,0.0,-5.2
$ADC,48.7,50.0,99.9,99.9
$IMU,1221.00,-139.00,-167.00,-3184.000,-72.000,-16596.000,-17.3,0.0,-5.2
$DIST,3501,573,204,899
$IMU,1220.00,-142.00,-153.00,-3156.000,-100.000,-16700.000,-17.3,0.0,-5.2
$IMU,1216.00,-132.00,-156.00,-3192.000,-36.000,-16620.000,-17.3,0.0,-5.2
$IMU,1232.00,-131.00,-148.00,-3144.000,-148.000,-16696.000,-17.3,-0.0,-5.2
$IMU,1188.00,-92.00,-155.00,-3216.000,-184.000,-16632.000,-17.3,0.0,-5.2
$IMU,1189.00,-108.00,-141.00,-3208.000,-168.000,-16740.000,-17.3,0.0,-5.2
$IMU,1196.00,-98.00,-140.00,-3272.000,-56.000,-16712.000,-17.3,0.0,-5.2
$IMU,1198.00,-78.00,-125.00,-3204.000,-152.000,-16800.000,-17.3,0.0,-5.2
$IMU,1200.00,-85.00,-147.00,-3124.000,-124.000,-16768.000,-17.3,0.0,-5.2
$IMU,1216.00,-90.00,-149.00,-3228.000,-124.000,-16680.000,-17.3,0.0,-5.2
$IMU,1195.00,-71.00,-162.00,-3140.000,-116.000,-16712.000,-17.3,0.0,-5.2
$COLOR,160,71.5,25.7,16.9
$BUTTON,0,0
$IMU,1222.00,-93.00,-163.00,-3128.000,-120.000,-16732.000,-17.3,0.0,-5.2
$IMU,1224.00,-117.00,-150.00,-3148.000,-156.000,-16756.000,-17.3,0.0,-5.2
$IMU,1215.00,-100.00,-159.00,-3156.000,-164.000,-16784.000,-17.3,0.0,-5.2
$IMU,1235.00,-113.00,-152.00,-3152.000,-144.000,-16664.000,-17.3,0.0,-5.2
$ADC,48.7,50.0,99.9,99.9
$IMU,1248.00,-146.00,-161.00,-3208.000,-116.000,-16728.000,-17.3,0.0,-5.2
$DIST,3501,578,202,882
$IMU,1209.00,-132.00,-151.00,-3160.000,-124.000,-16692.000,-17.3,0.0,-5.2
$IMU,1206.00,-134.00,-149.00,-3160.000,-168.000,-16672.000,-17.3,0.0,-5.2
$IMU,1202.00,-132.00,-143.00,-3224.000,-108.000,-16792.000,-17.3,0.0,-5.2
$IMU,1181.00,-110.00,-119.00,-3208.000,-92.000,-16652.000,-17.3,0.0,-5.2
$IMU,1213.00,-108.00,-142.00,-3224.000,-144.000,-16732.000,-17.3,0.0,-5.2
$IMU,1214.00,-87.00,-130.00,-3256.000,-132.000,-16668.000,-17.3,0.0,-5.2
$IMU,1186.00,-77.00,-137.00,-3228.000,-84.000,-16748.000,-17.3,0.0,-5.2
$IMU,1185.00,-72.00,-146.00,-3172.000,-164.000,-16708.000,-17.3,0.0,-5.2
$IMU,1172.00,-59.00,-156.00,-3140.000,-172.000,-16716.000,-17.3,0.0,-5.2
$IMU,1222.00,-85.00,-158.00,-3112.000,-104.000,-16700.000,-17.3,0.0,-5.2
$COLOR,174,51.3,49.4,48.2
$BUTTON,0,0
$IMU,1183.00,-82.00,-153.00,-3160.000,-84.000,-16668.000,-17.3,0.0,-5.2
$IMU,1234.00,-144.00,-184.00,-3048.000,-164.000,-16748.000,-17.3,0.0,-5.2
$IMU,1244.00,-137.00,-173.00,-3104.000,-196.000,-16796.000,-17.3,0.0,-5.2
$IMU,1209.00,-134.00,-143.00,-3144.000,-116.000,-16768.000,-17.3,-0.0,-5.2
$ADC,48.7,50.0,99.9,99.9
$IMU,1200.00,-154.00,-132.00,-3228.000,-116.000,-16652.000,-17.3,-0.0,-5.2
$DIST,3501,583,203,922
$IMU,1237.00,-133.00,-184.00,-3232.000,-140.000,-16748.000,-17.3,-0.0,-5.2
$IMU,1202.00,-131.00,-160.00,-3260.000,-92.000,-16724.000,-17.3,0.0,-5.2
$IMU,1213.00,-102.00,-150.00,-3172.000,-128.000,-16708.000,-17.3,0.0,-5.2
$IMU,1205.00,-90.00,-126.00,-3300.000,-48.000,-16720.000,-17.3,0.0,-5.2
$IMU,1202.00,-102.00,-157.00,-3188.000,-124.000,-16704.000,-17.3,0.0,-5.2
$IMU,1189.00,-51.00,-136.00,-3196.000,-156.000,-16808.000,-17.3,0.0,-5.2
$IMU,1209.00,-57.00,-118.00,-3124.000,-172.000,-16748.000,-17.3,0.0,-5.2
$IMU,1194.00,-82.00,-135.00,-3116.000,-64.000,-16776.000,-17.3,0.0,-5.2
$IMU,1219.00,-59.00,-122.00,-3144.000,-108.000,-16892.000,-17.3,0.0,-5.2
$IMU,1210.00,-88.00,-144.00,-3108.000,-136.000,-16804.000,-17.3,0.0,-5.2
$COLOR,173,51.1,48.9,47.1
$BUTTON,0,0
$IMU,1216.00,-99.00,-164.00,-3160.000,-96.000,-16676.000,-17.3,0.0,-5.2
$IMU,1220.00,-135.00,-163.00,-3032.000,-136.000,-16728.000,-17.3,-0.0,-5.2
$IMU,1211.00,-135.00,-159.00,-3120.000,-144.000,-16812.000,-17.3,-0.0,-5.2
$IMU,1227.00,-134.00,-132.00,-3212.000,-120.000,-16784.000,-17.3,-0.0,-5.2
$ADC,48.7,50.0,99.9,99.9
$IMU,1230.00,-139.00,-145.00,-3216.000,-172.000,-16828.000,-17.3,-0.0,-5.2
$DIST,3501,537,201,881
$IMU,1199.00,-127.00,-155.00,-3204.000,-164.000,-16756.000,-17.3,-0.0,-5.2
$IMU,1196.00,-121.00,-141.00,-3180.000,-124.000,-16780.000,-17.3,-0.0,-5.2
$IMU,1209.00,-87.00,-175.00,-3220.000,-128.000,-16668.000,-17.3,-0.0,-5.2
$IMU,1233.00,-102.00,-159.00,-3212.000,-112.000,-16672.000,-17.3,-0.0,-5.2
$IMU,1196.00,-90.00,-154.00,-3204.000,-80.000,-16744.000,-17.3,0.0,-5.2
$IMU,1218.00,-87.00,-165.00,-3116.000,-140.000,-16588.000,-17.3,0.0,-5.2
$IMU,1234.00,-76.00,-143.00,-3208.000,-176.000,-16732.000,-17.3,0.0,-5.2
$IMU,1214.00,-108.00,-163.00,-3160.000,-88.000,-16792.000,-17.3,0.0,-5.2
$IMU,1219.00,-116.00,-150.00,-3168.000,-104.000,-16648.000,-17.3,0.0,-5.2
$IMU,1241.00,-92.00,-138.00,-3148.000,-132.000,-16672.000,-17.3,0.0,-5.2
$COLOR,180,53.0,49.3,47.6
$BUTTON,0,0
$IMU,1220.00,-103.00,-158.00,-3132.000,-140.000,-16760.000,-17.3,-0.0,-5.2
$IMU,1231.00,-108.00,-160.00,-3144.000,-212.000,-16656.000,-17.3,-0.0,-5.2
$IMU,1231.00,-127.00,-147.00,-3168.000,-112.000,-16816.000,-17.3,-0.0,-5.2
$IMU,1198.00,-125.00,-150.00,-3148.000,-84.000,-16692.000,-17.3,-0.0,-5.2
$ADC,48.7,50.0,99.9,99.9
$IMU,1217.00,-120.00,-144.00,-3232.000,-124.000,-16732.000,-17.3,-0.0,-5.2
$DIST,3501,488,203,841
$IMU,1224.00,-122.00,-136.00,-3164.000,-116.000,-16692.000,-17.3,-0.0,-5.2
$IMU,1198.00,-112.00,-142.00,-3244.000,-140.000,-16688.000,-17.3,-0.0,-5.2
$IMU,1227.00,-101.00,-148.00,-3124.000,-92.000,-16756.000,-17.3,-0.0,-5.2
$IMU,1207.00,-123.00,-146.00,-3256.000,-92.000,-16696.000,-17.3,-0.0,-5.2
$IMU,1198.00,-121.00,-146.00,-3144.000,-188.000,-16648.000,-17.3,-0.0,-5.2
$IMU,1197.00,-91.00,-146.00,-3136.000,-132.000,-16656.000,-17.3,-0.0,-5.2
$IMU,1204.00,-95.00,-147.00,-3276.000,-152.000,-16772.000,-17.3,0.0,-5.2
$IMU,1218.00,-85.00,-129.00,-3196.000,-84.000,-16696.000,-17.3,0.0,-5.2
$IMU,1213.00,-93.00,-158.00,-3120.000,-120.000,-16672.000,-17.3,0.0,-5.2
$IMU,1206.00,-103.00,-146.00,-3128.000,-76.000,-16640.000,-17.3,0.0,-5.2
$COLOR,186,52.6,50.5,51.8
$BUTTON,0,0
$IMU,1202.00,-101.00,-139.00,-3200.000,-120.000,-16676.000,-17.3,0.0,-5.2
$IMU,1222.00,-112.00,-161.00,-3116.000,-164.000,-16684.000,-17.3,0.0,-5.2
$IMU,1233.00,-108.00,-158.00,-3192.000,-120.000,-16696.000,-17.3,0.0,-5.2
$IMU,1246.00,-116.00,-141.00,-3192.000,-96.000,-16728.000,-17.3,0.0,-5.2
$ADC,48.7,50.0,99.9,99.9
$IMU,1241.00,-119.00,-171.00,-3180.000,-144.000,-16636.000,-17.3,0.0,-5.2
$DIST,3501,419,203,879
$IMU,1211.00,-123.00,-172.00,-3088.000,-176.000,-16604.000,-17.3,-0.0,-5.2
$IMU,1247.00,-113.00,-138.00,-3208.000,-92.000,-16628.000,-17.3,0.0,-5.2
$IMU,1217.00,-92.00,-147.00,-3252.000,-128.000,-16664.000,-17.3,0.0,-5.2
$IMU,1206.00,-100.00,-149.00,-3188.000,-116.000,-16784.000,-17.3,0.0,-5.2
$IMU,1207.00,-100.00,-151.00,-3184.000,-84.000,-16644.000,-17.3,0.0,-5.2
$IMU,1213.00,-75.00,-161.00,-3188.000,-144.000,-16832.000,-17.3,0.0,-5.2
$IMU,1201.00,-97.00,-149.00,-3204.000,-72.000,-16700.000,-17.3,0.0,-5.2
$IMU,1197.00,-71.00,-166.00,-3188.000,-84.000,-16708.000,-17.3,0.0,-5.2
$IMU,1215.00,-98.00,-138.00,-3148.000,-152.000,-16668.000,-17.3,0.0,-5.2
$IMU,1245.00,-108.00,-140.00,-3192.000,-104.000,-16732.000,-17.3,0.0,-5.2
$COLOR,192,51.1,51.0,54.4
$BUTTON,0,0
$IMU,1233.00,-75.00,-160.00,-3160.000,-124.000,-16756.000,-17.3,0.0,-5.2
$IMU,1219.00,-117.00,-190.00,-3184.000,-208.000,-16724.000,-17.3,0.0,-5.2
$IMU,1230.00,-118.00,-147.00,-3180.000,-96.000,-16776.000,-17.3,0.0,-5.2
$IMU,1191.00,-112.00,-127.00,-3172.000,-176.000,-16744.000,-17.3,0.0,-5.2
$ADC,48.7,50.0,99.9,99.9
$IMU,1209.00,-135.00,-166.00,-3196.000,-176.000,-16684.000,-17.3,0.0,-5.2
$DIST,3501,239,205,858
$IMU,1180.00,-107.00,-165.00,-3200.000,-176.000,-16640.000,-17.3,0.0,-5.2
$IMU,1190.00,-108.00,-147.00,-3260.000,-120.000,-16772.000,-17.3,0.0,-5.2
$IMU,1208.00,-90.00,-145.00,-3248.000,-184.000,-16716.000,-17.3,0.0,-5.2
$IMU,1199.00,-89.00,-144.00,-3132.000,-128.000,-16760.000,-17.3,0.0,-5.2
$IMU,1201.00,-72.00,-145.00,-3200.000,-156.000,-16740.000,-17.3,0.0,-5.2
$IMU,1197.00,-106.00,-149.00,-3168.000,-168.000,-16772.000,-17.3,0.0,-5.2
$IMU,1219.00,-122.00,-137.00,-3216.000,-180.000,-16768.000,-17.3,0.0,-5.2
$IMU,1198.00,-103.00,-138.00,-3188.000,-132.000,-16584.000,-17.3,0.0,-5.2
$IMU,1207.00,-117.00,-138.00,-3124.000,-40.000,-16780.000,-17.3,0.0,-5.2
$IMU,1206.00,-112.00,-176.00,-3188.000,-88.000,-16816.000,-17.3,0.0,-5.2
$COLOR,190,50.6,51.7,56.4
$BUTTON,0,0
$IMU,1224.00,-131.00,-150.00,-3204.000,-168.000,-16772.000,-17.3,0.0,-5.2
$IMU,1230.00,-125.00,-160.00,-3188.000,-124.000,-16696.000,-17.3,0.0,-5.2
$IMU,1219.00,-110.00,-148.00,-3164.000,-128.000,-16664.000,-17.3,0.0,-5.2
$IMU,1210.00,-139.00,-167.00,-3172.000,-124.000,-16660.000,-17.3,0.0,-5.2
$ADC,48.7,50.0,99.9,99.9
$IMU,1226.00,-95.00,-139.00,-3200.000,-96.000,-16776.000,-17.3,0.0,-5.2
$DIST,3501,189,205,885
$IMU,1220.00,-118.00,-141.00,-3184.000,-136.000,-16716.000,-17.3,0.0,-5.2
$IMU,1215.00,-75.00,-155.00,-3200.000,-96.000,-16676.000,-17.3,0.0,-5.2
$IMU,1231.00,-85.00,-144.00,-3184.000,-140.000,-16632.000,-17.3,0.0,-5.2
$IMU,1228.00,-115.00,-145.00,-3208.000,-76.000,-16776.000,-17.3,0.0,-5.2
$IMU,1230.00,-104.00,-161.00,-3140.000,-128.000,-16688.000,-17.3,0.0,-5.2
$IMU,1200.00,-97.00,-129.00,-3144.000,-120.000,-16720.000,-17.3,0.0,-5.2
$IMU,1211.00,-88.00,-153.00,-3188.000,-88.000,-16764.000,-17.3,0.0,-5.2
$IMU,1190.00,-104.00,-139.00,-3160.000,-152.000,-16756.000,-17.3,0.0,-5.2
$IMU,1253.00,-119.00,-129.00,-3172.000,-68.000,-16584.000,-17.3,0.0,-5.2
$IMU,1219.00,-123.00,-143.00,-3180.000,-104.000,-16712.000,-17.3,0.0,-5.2
$COLOR,190,51.6,52.3,57.1
$BUTTON,0,0
$IMU,1200.00,-114.00,-163.00,-3100.000,-148.000,-16768.000,-17.3,0.0,-5.2
$IMU,1197.00,-130.00,-150.00,-3160.000,-136.000,-16688.000,-17.3,0.0,-5.2
$IMU,1218.00,-96.00,-157.00,-3152.000,-164.000,-16672.000,-17.3,0.0,-5.2
$IMU,1219.00,-105.00,-135.00,-3192.000,-100.000,-16656.000,-17.3,0.0,-5.2
$ADC,48.7,50.0,99.9,99.9
$IMU,1230.00,-121.00,-130.00,-3200.000,-160.000,-16816.000,-17.3,0.0,-5.2
$DIST,3501,192,206,866
$IMU,1216.00,-96.00,-141.00,-3196.000,-144.000,-16664.000,-17.3,0.0,-5.2
$IMU,1164.00,-85.00,-151.00,-3160.000,-96.000,-16640.000,-17.3,0.0,-5.2
$IMU,1203.00,-100.00,-143.00,-3208.000,-152.000,-16628.000,-17.3,0.0,-5.2
$IMU,1208.00,-85.00,-147.00,-3148.000,-200.000,-16756.000,-17.3,0.0,-5.2
$IMU,1206.00,-90.00,-159.00,-3204.000,-120.000,-16688.000,-17.3,0.0,-5.2
$IMU,1198.00,-97.00,-147.00,-3164.000,-68.000,-16668.000,-17.3,0.0,-5.2
$IMU,1216.00,-103.00,-158.00,-3136.000,-144.000,-16696.000,-17.3,0.0,-5.2
$IMU,1232.00,-114.00,-147.00,-3216.000,-132.000,-16760.000,-17.3,0.0,-5.2
$IMU,1239.00,-106.00,-150.00,-3188.000,-168.000,-16684.000,-17.3,0.0,-5.2
$IMU,1232.00,-80.00,-146.00,-3172.000,-140.000,-16588.000,-17.3,0.0,-5.2
$COLOR,178,52.7,52.9,57.3
$BUTTON,0,0
$IMU,1177.00,-103.00,-148.00,-3168.000,-132.000,-16776.000,-17.3,0.0,-5.2
$IMU,1215.00,-108.00,-160.00,-3204.000,-100.000,-16676.000,-17.3,0.0,-5.2
$IMU,1215.00,-106.00,-170.00,-3136.000,-148.000,-16564.000,-17.3,0.0,-5.2
$IMU,1220.00,-111.00,-156.00,-3200.000,-104.000,-16868.000,-17.3,0.0,-5.2
$ADC,48.7,50.0,99.9,99.9
$IMU,1213.00,-101.00,-161.00,-3160.000,-132.000,-16716.000,-17.3,0.0,-5.2
$DIST,3501,196,204,889
$IMU,1229.00,-127.00,-145.00,-3164.000,-132.000,-16640.000,-17.3,0.0,-5.2
$IMU,1223.00,-109.00,-139.00,-3200.000,-144.000,-16772.000,-17.3,0.0,-5.2
$IMU,1191.00,-120.00,-160.00,-3188.000,-100.000,-16600.000,-17.3,0.0,-5.2
$IMU,1235.00,-110.00,-156.00,-3172.000,-84.000,-16728.000,-17.3,0.0,-5.2
$IMU,1190.00,-102.00,-143.00,-3156.000,-128.000,-16776.000,-17.3,0.0,-5.2
$IMU,1213.00,-114.00,-165.00,-3136.000,-136.000,-16704.000,-17.3,0.0,-5.2
$IMU,1200.00,-110.00,-139.00,-3120.000,-192.000,-16720.000,-17.3,0.0,-5.2
$IMU,1219.00,-80.00,-153.00,-3124.000,-112.000,-16696.000,-17.3,0.0,-5.2
$IMU,1210.00,-116.00,-147.00,-3152.000,-88.000,-16636.000,-17.3,0.0,-5.2
$IMU,1215.00,-123.00,-117.00,-3192.000,-140.000,-16720.000,-17.3,0.0,-5.2
$COLOR,172,52.9,52.9,56.8
$BUTTON,0,0
$IMU,1207.00,-97.00,-155.00,-3172.000,-128.000,-16776.000,-17.3,0.0,-5.2
$IMU,1197.00,-93.00,-170.00,-3260.000,-120.000,-16696.000,-17.3,0.0,-5.2
$IMU,1224.00,-128.00,-125.00,-3224.000,-164.000,-16704.000,-17.3,0.0,-5.2
$IMU,1223.00,-94.00,-159.00,-3168.000,-120.000,-16696.000,-17.3,0.0,-5.2
$ADC,48.7,50.0,99.9,99.9
$IMU,1209.00,-97.00,-162.00,-3176.000,-164.000,-16768.000,-17.3,0.0,-5.2
$DIST,3501,204,203,864
$IMU,1211.00,-114.00,-164.00,-3208.000,-100.000,-16764.000,-17.3,0.0,-5.2
$IMU,1200.00,-95.00,-144.00,-3176.000,-136.000,-16596.000,-17.3,0.0,-5.2
$IMU,1206.00,-99.00,-150.00,-3228.000,-148.000,-16756.000,-17.3,0.0,-5.2
$IMU,1252.00,-95.00,-147.00,-3168.000,-168.000,-16712.000,-17.3,0.0,-5.2
$IMU,1222.00,-100.00,-159.00,-3172.000,-160.000,-16732.000,-17.3,0.0,-5.2
$IMU,1208.00,-121.00,-151.00,-3160.000,-96.000,-16712.000,-17.3,0.0,-5.2
$IMU,1224.00,-116.00,-131.00,-3104.000,-140.000,-16796.000,-17.3,0.0,-5.2
$IMU,1214.00,-105.00,-151.00,-3148.000,-128.000,-16596.000,-17.3,0.0,-5.2
$IMU,1186.00,-115.00,-171.00,-3140.000,-88.000,-16628.000,-17.3,0.0,-5.2
$IMU,1222.00,-98.00,-157.00,-3152.000,-132.000,-16764.000,-17.3,0.0,-5.2
$COLOR,165,53.2,52.9,56.5
$BUTTON,0,0
$IMU,1191.00,-120.00,-161.00,-3276.000,-148.000,-16752.000,-17.3,0.0,-5.2
$IMU,1207.00,-98.00,-157.00,-3220.000,-176.000,-16756.000,-17.3,0.0,-5.2
$IMU,1232.00,-118.00,-144.00,-3180.000,-136.000,-16568.000,-17.3,0.0,-5.2
$IMU,1232.00,-117.00,-154.00,-3172.000,-116.000,-16660.000,-17.3,0.0,-5.2
$ADC,48.7,50.0,99.9,99.9
$IMU,1198.00,-127.00,-158.00,-3204.000,-112.000,-16728.000,-17.3,0.0,-5.2
$DIST,3501,219,206,850
$IMU,1216.00,-95.00,-132.00,-3204.000,-144.000,-16704.000,-17.3,0.0,-5.2
$IMU,1204.00,-101.00,-154.00,-3196.000,-112.000,-16684.000,-17.3,0.0,-5.2
$IMU,1193.00,-108.00,-158.00,-3312.000,-52.000,-16748.000,-44.6,-0.0,-5.8
$IMU,1237.00,-93.00,-150.00,-3192.000,-132.000,-16592.000,-44.6,-0.0,-5.8
$IMU,1196.00,-88.00,-159.00,-3256.000,-84.000,-16640.000,-44.6,-0.0,-5.8
$IMU,1212.00,-104.00,-153.00,-3228.000,-68.000,-16592.000,-44.6,-0.0,-5.8
$IMU,1182.00,-126.00,-157.00,-3284.000,-64.000,-16632.000,-44.6,-0.0,-5.8
$IMU,1248.00,-84.00,-137.00,-3228.000,-148.000,-16612.000,-44.6,0.0,-5.8
$IMU,1196.00,-114.00,-140.00,-3140.000,-16.000,-16692.000,-44.6,-0.0,-5.8
$IMU,1227.00,-103.00,-15400,-3208.000,-92.000,-16696.000,-44.6,-0.0,-5.8
$IMU,1213.00,-92.00,-155.00,-3236.000,-44.000,-16620.000,-44.6,-0.0,-5.8
$COLOR,63,38.8,37.3,19.9
$BUTTON,0,0
$IMU,1183.00,-83.00,-149.00,-3216.000,-56.000,-16704.000,-44.6,-0.0,-5.8
$IMU,1197.00,-107.00,-130.00,-3184.000,-84.000,-16704.000,-44.6,-0.0,-5.8
$IMU,1189.00,-89.00,-152.00,-3268.000,-44.000,-16648.000,-44.6,-0.0,-5.8
$IMU,1209.00,-93.00,-159.00,-3212.000,-16.000,-16776.000,-44.6,-0.0,-5.8
$ADC,48.7,50.0,99.9,99.9
$IMU,1220.00,-99.00,-138.00,-3140.000,-20.000,-16668.000,-44.6,-0.0,-5.8
$DIST,3501,94,674,110
$IMU,1205.00,-106.00,-155.00,-3256.000,-68.000,-16684.000,-44.6,-0.0,-5.8
$IMU,1222.00,-96.00,-168.00,-3208.000,-96.000,-16548.000,-44.6,-0.0,-5.8
$IMU,1240.00,-89.00,-144.00,-3232.000,-60.000,-16716.000,-44.6,-0.0,-5.8
$IMU,1200.00,-110.00,-159.00,-3196.000,-80.000,-16612.000,-44.6,-0.0,-5.8
$IMU,1202.00,-121.00,-151.00,-3132.000,-32.000,-16760.000,-44.6,-0.0,-5.8
$IMU,1197.00,-84.00,-120.00,-3220.000,-72.000,-16744.000,-44.6,-0.0,-5.8
$IMU,1210.00,-123.00,-133.00,-3204.000,-96.000,-16728.000,-44.6,-0.0,-5.8
$IMU,1215.00,-119.00,-136.00,-3116.000,-48.000,-16712.000,-44.6,-0.0,-5.8
$IMU,1227.00,-106.00,-146.00,-3200.000,20.000,-16616.000,-44.6,-0.0,-5.8
$IMU,1184.00,-72.00,-151.00,-3220.000,-112.000,-16724.000,-44.6,-0.0,-5.8
$COLOR,65,39.2,37.3,20.1
$BUTTON,0,0
$IMU,1182.00,-82.00,-142.00,-3276.000,-44.000,-16716.000,-44.6,-0.0,-5.8
$IMU,1210.00,-121.00,-137.00,-3280.000,-132.000,-16780.000,-44.6,-0.0,-5.8
$IMU,1189.00,-109.00,-140.00,-3216.000,-64.000,-16684.000,-44.6,-0.0,-5.8
$IMU,1212.00,-93.00,-167.00,-3192.000,-36.000,-16684.000,-44.6,-0.0,-5.8
$ADC,48.7,50.0,99.9,99.8
$IMU,1189.00,-93.00,-156.00,-3248.000,-60.000,-16760.000,-44.6,-0.0,-5.8
$DIST,3501,92,673,109
$IMU,1201.00,-90.00,-168.00,-3232.000,-96.000,-16684.000,-44.6,-0.0,-5.8
$IMU,1209.00,-108.00,-143.00,-3288.000,8.000,-16740.000,-44.6,-0.0,-5.8
$IMU,1214.00,-111.00,-155.00,-3264.000,-48.000,-16688.000,-44.7,-0.0,-5.8
$IMU,1235.00,-107.00,-146.00,-3196.000,-32.000,-16672.000,-44.7,-0.0,-5.8
$IMU,1217.00,-124.00,-174.00,-3224.000,-40.000,-16620.000,-44.7,-0.0,-5.8
$IMU,1219.00,-114.00,-150.00,-3148.000,-56.000,-16680.000,-44.7,-0.0,-5.8
$IMU,1232.00,-107.00,-169.00,-3200.000,-88.000,-16684.000,-44.6,-0.0,-5.8
$IMU,1190.00,-101.00,-159.00,-3228.000,-88.000,-16620.000,-44.6,-0.0,-5.8
$IMU,1219.00,-85.00,-171.00,-3156.000,-20.000,-16632.000,-44.6,-0.0,-5.8
$IMU,1199.00,-138.00,-169.00,-3124.000,-44.000,-16736.000,-44.7,-0.0,-5.8
$COLOR,63,39.3,37.8,19.9
$BUTTON,0,0
$IMU,1207.00,-100.00,-180.00,-3252.000,-36.000,-16720.000,-44.7,-0.0,-5.8
$IMU,1194.00,-101.00,-156.00,-3272.000,-44.000,-16636.000,-44.7,-0.0,-5.8
$IMU,1195.00,-106.00,-168.00,-3232.000,-56.000,-16660.000,-44.7,-0.0,-5.8
$IMU,1191.00,-88.00,-152.00,-3208.000,-28.000,-16660.000,-44.7,-0.0,-5.8
$ADC,48.7,50.0,99.9,99.8
$IMU,1205.00,-98.00,-148.00,-3232.000,-68.000,-16688.000,-44.7,-0.0,-5.8
$DIST,3501,96,673,114
$IMU,1216.00,-108.00,-152.00,-3196.000,-84.000,-16656.000,-44.7,-0.0,-5.8
$IMU,1172.00,-107.00,-133.00,-3236.000,-56.000,-16644.000,-44.7,-0.0,-5.8
$IMU,1221.00,-98.00,-152.00,-3192.000,-32.000,-16580.000,-44.7,-0.0,-5.8
$IMU,1202.00,-137.00,-136.00,-3200.000,-84.000,-16640.000,-44.7,-0.0,-5.8
$IMU,1203.00,-99.00,-143.00,-3132.000,-40.000,-16788.000,-44.7,-0.0,-5.8
$IMU,1211.00,-100.00,-147.00,-3276.000,-108.000,-16716.000,-44.7,-0.0,-5.8
$IMU,1203.00,-88.00,-141.00,-3188.000,-20.000,-16784.000,-44.7,-0.0,-5.8
$IMU,1191.00,-100.00,-161.00,-3200.000,-64.000,-16688.000,-44.7,-0.0,-5.8
$IMU,1225.00,-75.00,-157.00,-3184.000,-72.000,-16740.000,-44.7,-0.0,-5.8
$IMU,1204.00,-82.00,-158.00,-3152.000,-36.000,-16700.000,-44.7,-0.0,-5.8
$COLOR,65,39.0,37.6,20.0
$BUTTON,0,0
$IMU,1202.00,-116.00,-156.00,-3264.000,-80.000,-16676.000,-44.7,-0.0,-5.8
$IMU,1204.00,-109.00,-148.00,-3228.000,-76.000,-16732.000,-44.7,-0.0,-5.8
$IMU,1213.00,-118.00,-167.00,-3252.000,-64.000,-16692.000,-44.7,-0.0,-5.8
$IMU,1213.00,-94.00,-155.00,-3200.000,-104.000,-16660.000,-44.7,-0.0,-5.8
$ADC,48.7,50.0,99.9,99.8
$IMU,1191.00,-128.00,-129.00,-3252.000,-92.000,-16672.000,-44.7,-0.0,-5.8
$DIST,3501,95,675,110
$IMU,1216.00,-97.00,-173.00,-3232.000,-88.000,-16836.000,-44.7,-0.0,-5.8
$IMU,1202.00,-101.00,-134.00,-3240.000,-52.000,-16720.000,-44.7,-0.0,-5.8
$IMU,1199.00,-111.00,-150.00,-3216.000,12.000,-16608.000,-44.7,-0.0,-5.8
$IMU,1219.00,-119.00,-161.00,-3180.000,-40.000,-16720.000,-44.7,-0.0,-5.8
$IMU,1194.00,-100.00,-161.00,-3296.000,-64.000,-16716.000,-44.7,-0.0,-5.8
$IMU,1227.00,-113.00,-171.00,-3256.000,-84.000,-16724.000,-44.7,-0.0,-5.8
$IMU,1206.00,-94.00,-163.00,-3284.000,0.000,-16676.000,-44.7,-0.0,-5.8
$IMU,1246.00,-119.00,-134.00,-3196.000,-128.000,-16708.000,-44.7,-0.0,-5.8
$IMU,1225.00,-114.00,-155.00,-3180.000,-28.000,-16752.000,-44.7,-0.0,-5.8
$IMU,1227.00,-87.00,-139.00,-3212.000,-112.000,-16636.000,-44.7,-0.0,-5.8
$COLOR,62,39.0,37.4,20.0
$BUTTON,0,0
$IMU,1189.00,-123.00,-149.00,-3184.000,-56.000,-16852.000,-44.7,-0.0,-5.8
$IMU,1199.00,-81.00,-154.00,-3180.000,-24.000,-16696.000,-44.7,-0.0,-5.8
$IMU,1209.00,-128.00,-162.00,-3196.000,-88.000,-16628.000,-44.7,-0.0,-5.8
$IMU,1191.00,-94.00,-141.00,-3192.000,-28.000,-16692.000,-44.7,-0.0,-5.8
$ADC,48.7,50.0,99.9,99.8
$IMU,1206.00,-97.00,-140.00,-3208.000,-104.000,-16704.000,-44.7,-0.0,-5.8
$DIST,3501,91,679,111
$IMU,1204.00,-89.00,-159.00,-3248.000,-52.000,-16648.000,-44.7,-0.0,-5.8
$IMU,1228.00,-96.00,-135.00,-3176.000,-92.000,-16656.000,-44.7,-0.0,-5.8
$IMU,1204.00,-83.00,-155.00,-3184.000,-40.000,-16708.000,-44.7,-0.0,-5.8
$IMU,1211.00,-106.00,-155.00,-3180.000,-96.000,-16664.000,-44.7,-0.0,-5.8
$IMU,1228.00,-105.00,-159.00,-3248.000,-80.000,-16648.000,-44.7,-0.0,-5.8
$IMU,1216.00,-110.00,-155.00,-3200.000,-28.000,-16688.000,-44.7,-0.0,-5.8
$IMU,1230.00,-103.00,-170.00,-3228.000,-112.000,-16664.000,-44.6,-0.0,-5.8
$IMU,1216.00,-118.00,-144.00,-3192.000,-44.000,-16708.000,-44.7,-0.0,-5.8
$IMU,1198.00,-118.00,-154.00,-3216.000,-32.000,-16712.000,-44.7,-0.0,-5.8
$IMU,1234.00,-99.00,-161.00,-3224.000,-48.000,-16716.000,-44.7,-0.0,-5.8
$COLOR,66,38.9,37.5,19.7
$BUTTON,0,0
$IMU,1207.00,-117.00,-167.00,-3236.000,-36.000,-16608.000,-44.7,-0.0,-5.8
$IMU,1186.00,-112.00,-144.00,-3212.000,-92.000,-16804.000,-44.7,-0.0,-5.8
$IMU,1204.00,-93.00,-157.00,-3216.000,-140.000,-16744.000,-44.6,-0.0,-5.8
$IMU,1199.00,-123.00,-158.00,-3284.000,-4.000,-16668.000,-44.7,-0.0,-5.8
$ADC,48.7,50.0,99.8,99.8
$IMU,1176.00,-117.00,-146.00,-3224.000,-16.000,-16708.000,-44.7,-0.0,-5.8
$DIST,3501,94,671,116
$IMU,1240.00,-117.00,-164.00,-3148.000,-72.000,-16680.000,-44.7,-0.0,-5.9
$IMU,1207.00,-99.00,-161.00,-3260.000,-84.000,-16632.000,-44.7,-0.0,-5.9
$IMU,1216.00,-98.00,-164.00,-3228.000,-40.000,-16524.000,-44.7,-0.0,-5.9
$IMU,1208.00,-116.00,-143.00,-3188.000,-32.000,-16688.000,-44.7,-0.0,-5.9
$IMU,1204.00,-97.00,-140.00,-3220.000,-36.000,-16640.000,-44.7,-0.0,-5.9
$IMU,1210.00,-82.00,-137.00,-3248.000,-60.000,-16676.000,-44.7,-0.0,-5.9
$IMU,1197.00,-115.00,-148.00,-3236.000,-20.000,-16676.000,-44.7,-0.0,-5.9
$IMU,1208.00,-110.00,-150.00,-3200.000,-28.000,-16680.000,-44.7,-0.0,-5.9
$IMU,1234.00,-130.00,-137.00,-3188.000,-68.000,-16568.000,-44.7,-0.0,-5.9
$IMU,1234.00,-92.00,-155.00,-3152.000,-116.000,-16736.000,-44.7,-0.0,-5.9
$COLOR,62,39.2,37.2,20.1
$BUTTON,0,0
$IMU,1207.00,-88.00,-148.00,-3228.000,-48.000,-16556.000,-44.7,-0.0,-5.9
$IMU,1220.00,-85.00,-166.00,-3216.000,-64.000,-16752.000,-44.7,-0.0,-5.9
$IMU,1207.00,-107.00,-161.00,-3188.000,-16.000,-16732.000,-44.7,-0.0,-5.9
$IMU,1212.00,-107.00,-134.00,-3252.000,-56.000,-16804.000,-44.7,-0.0,-5.9
$ADC,48.7,50.0,99.8,99.8
$IMU,1209.00,-95.00,-157.00,-3240.000,-120.000,-16632.000,-44.7,-0.0,-5.9
$DIST,3501,93,679,104
$IMU,1218.00,-91.00,-147.00,-3220.000,-48.000,-16716.000,-44.7,-0.0,-5.9
$IMU,1176.00,-99.00,-151.00,-3164.000,-132.000,-16564.000,-44.7,-0.0,-5.9
$IMU,1203.00,-108.00,-146.00,-3196.000,-24.000,-16592.000,-44.7,-0.0,-5.9
$IMU,1207.00,-103.00,-160.00,-3184.000,-72.000,-16676.000,-44.7,-0.0,-5.9
$IMU,1213.00,-83.00,-131.00,-3296.000,-64.000,-16604.000,-44.7,-0.0,-5.9
$IMU,1222.00,-110.00,-147.00,-3220.000,-100.000,-16800.000,-44.7,-0.0,-5.9
$IMU,1225.00,-85.00,-166.00,-3220.000,-52.000,-16652.000,-44.7,-0.0,-5.9
$IMU,1234.00,-97.00,-146.00,-3200.000,-28.000,-16684.000,-44.7,-0.0,-5.9
$IMU,1188.00,-109.00,-160.00,-3212.000,-56.000,-16624.000,-44.7,-0.0,-5.9
$IMU,1193.00,-80.00,-143.00,-3212.000,-68.000,-16728.000,-44.7,-0.0,-5.9
$COLOR,65,39.2,37.3,20.1
$BUTTON,0,0
$IMU,1194.00,-97.00,-135.00,-3244.000,-16.000,-16756.000,-44.7,-0.0,-5.9
$IMU,1204.00,-112.00,-159.00,-3260.000,-36.000,-16704.000,-44.7,-0.0,-5.9
$IMU,1211.00,-127.00,-163.00,-3268.000,-116.000,-16764.000,-44.7,-0.0,-5.9
$IMU,1233.00,-101.00,-157.00,-3120.000,-56.000,-16560.000,-44.7,-0.0,-5.9
$ADC,48.7,50.0,99.8,99.9
$IMU,1210.00,-102.00,-139.00,-3220.000,-16.000,-16768.000,-44.7,-0.0,-5.9
$DIST,3501,93,677,109
$IMU,1203.00,-109.00,-170.00,-3164.000,-72.000,-16572.000,-44.7,-0.0,-5.9
$IMU,1216.00,-120.00,-133.00,-3176.000,-60.000,-16684.000,-44.7,-0.0,-5.9
$IMU,1216.00,-105.00,-161.00,-3260.000,-32.000,-16628.000,-44.7,-0.0,-5.9
$IMU,1219.00,-69.00,-159.00,-3232.000,-72.000,-16648.000,-44.7,-0.0,-5.9
$IMU,1214.00,-112.00,-155.00,-3196.000,-52.000,-16652.000,-44.7,-0.0,-5.9
$IMU,1203.00,-117.00,-175.00,-3172.000,-96.000,-16636.000,-44.7,-0.0,-5.9
$IMU,1201.00,-87.00,-148.00,-3172.000,-92.000,-16728.000,-44.7,-0.0,-5.9
$IMU,1189.00,-119.00,-143.00,-3220.000,-72.000,-16652.000,-44.7,-0.0,-5.9
$IMU,1197.00,-94.00,-160.00,-3196.000,-140.000,-16704.000,-44.7,-0.0,-5.9
$IMU,1182.00,-97.00,-152.00,-3192.000,-40.000,-16728.000,-44.7,-0.0,-5.9
$COLOR,63,39.2,37.3,20.1
$BUTTON,0,0
$IMU,1215.00,-77.00,-149.00,-3160.000,-16.000,-16784.000,-44.7,-0.0,-5.9
$IMU,1204.00,-92.00,-168.00,-3212.000,-92.000,-16680.000,-44.7,-0.0,-5.9
$IMU,1215.00,-106.00,-154.00,-3192.000,-68.000,-16648.000,-44.7,-0.0,-5.9
$IMU,1221.00,-114.00,-157.00,-3212.000,-92.000,-16752.000,-44.7,-0.0,-5.9
$ADC,48.7,50.0,99.8,99.9
$IMU,1198.00,-96.00,-146.00,-3216.000,-92.000,-16612.000,-44.7,-0.0,-5.9
$DIST,3501,92,679,112
$IMU,1232.00,-110.00,-162.00,-3244.000,-108.000,-16704.000,-44.6,-0.0,-5.9
$IMU,1199.00,-84.00,-135.00,-3200.000,-72.000,-16672.000,-44.6,-0.0,-5.9
$IMU,1185.00,-82.00,-137.00,-3240.000,-68.000,-16684.000,-44.6,-0.0,-5.9
$IMU,1215.00,-115.00,-174.00,-3228.000,-60.000,-16720.000,-44.6,-0.0,-5.9
$IMU,1222.00,-95.00,-145.00,-3176.000,-48.000,-16732.000,-44.6,-0.0,-5.9
$IMU,1180.00,-85.00,-155.00,-3244.000,-100.000,-16660.000,-44.6,-0.0,-5.9
$IMU,1210.00,-104.00,-143.00,-3184.000,-72.000,-16656.000,-44.6,-0.0,-5.9
$IMU,1196.00,-125.00,-148.00,-3192.000,-16.000,-16756.000,-44.7,-0.0,-5.9
$IMU,1220.00,-99.00,-140.00,-3244.000,-80.000,-16700.000,-44.6,-0.0,-5.9
$IMU,1240.00,-90.00,-138.00,-3236.000,-152.000,-16728.000,-44.6,-0.0,-5.9
$COLOR,65,38.8,37.4,19.9
$BUTTON,0,0
$IMU,1207.00,-119.00,-141.00,-3196.000,-56.000,-16676.000,-44.6,-0.0,-5.9
$IMU,1208.00,-82.00,-149.00,-3212.000,-68.000,-16784.000,-44.6,-0.0,-5.9
$IMU,1207.00,-92.00,-123.00,-3196.000,-104.000,-16668.000,-44.6,-0.0,-5.9
$IMU,1214.00,-86.00,-133.00,-3228.000,0.000,-16708.000,-44.6,-0.0,-5.9
$ADC,48.7,50.0,99.8,99.9
$IMU,1193.00,-123.00,-136.00,-3248.000,0.000,-16684.000,-44.6,-0.0,-5.9
$DIST,3501,93,675,113
$IMU,1209.00,-108.00,-143.00,-3264.000,-56.000,-16668.000,-44.7,-0.0,-5.9
$IMU,1211.00,-91.00,-160.00,-3216.000,-76.000,-16600.000,-44.6,-0.0,-5.9
$IMU,1190.00,-121.00,-139.00,-3240.000,-72.000,-16668.000,-44.7,-0.0,-5.9
$IMU,1189.00,-105.00,-163.00,-3240.000,-76.000,-16652.000,-44.7,-0.0,-5.9
$IMU,1183.00,-93.00,-139.00,-3232.000,0.000,-16644.000,-44.7,-0.0,-5.9
$IMU,1195.00,-92.00,-166.00,-3212.000,-68.000,-16712.000,-44.7,-0.0,-5.9
$IMU,1208.00,-99.00,-139.00,-3196.000,-88.000,-16692.000,-44.7,-0.0,-5.9
$IMU,1187.00,-94.00,-146.00,-3260.000,-12.000,-16752.000,-44.7,-0.0,-5.9
$IMU,1208.00,-111.00,-184.00,-3204.000,-96.000,-16660.000,-44.7,-0.0,-5.9
$IMU,1211.00,-97.00,-164.00,-3256.000,-128.000,-16692.000,-44.7,-0.0,-5.9
$COLOR,62,38.8,37.2,19.9
$BUTTON,0,0
$IMU,1223.00,-109.00,-132.00,-3260.000,-36.000,-16572.000,-44.7,-0.0,-5.9
$IMU,1185.00,-84.00,-139.00,-3228.000,-60.000,-16700.000,-44.7,-0.0,-5.9
$IMU,1223.00,-103.00,-156.00,-3188.000,-48.000,-16676.000,-44.7,-0.0,-5.9
$IMU,1213.00,-108.00,-153.00,-3268.000,-116.000,-16664.000,-44.7,-0.0,-5.9
$ADC,48.7,50.0,99.8,99.9
$IMU,1218.00,-79.00,-151.00,-3212.000,-8.000,-16796.000,-44.7,-0.0,-5.9
$DIST,3501,92,676,112
$IMU,1228.00,-119.00,-149.00,-3184.000,-124.000,-16700.000,-44.6,-0.0,-5.9
$IMU,1197.00,-93.00,-155.00,-3164.000,-76.000,-16632.000,-44.6,-0.0,-5.9
$IMU,1203.00,-107.00,-149.00,-3256.000,-28.000,-16820.000,-44.7,-0.0,-5.9
$IMU,1217.00,-102.00,-155.00,-3220.000,-76.000,-16684.000,-44.7,-0.0,-5.9
$IMU,1210.00,-118.00,-169.00,-3236.000,-76.000,-16624.000,-44.7,-0.0,-5.9
$IMU,1219.00,-92.00,-145.00,-3244.000,-20.000,-16572.000,-44.7,-0.0,-5.9
$IMU,1198.00,-91.00,-163.00,-3124.000,-48.000,-16672.000,-44.7,-0.0,-5.9
$IMU,1172.00,-90.00,-154.00,-3196.000,-76.000,-16820.000,-44.7,-0.0,-5.9
$IMU,1245.00,-97.00,-160.00,-3224.000,-68.000,-16688.000,-44.7,-0.0,-5.9
$IMU,1207.00,-113.00,-127.00,-3216.000,-4.000,-16752.000,-44.7,-0.0,-5.9
$COLOR,63,38.8,37.3,19.9
$BUTTON,0,0
$IMU,1210.00,-110.00,-153.00,-3264.000,-124.000,-16644.000,-44.7,-0.0,-5.9
$IMU,1220.00,-84.00,-122.00,-3192.000,-104.000,-16752.000,-44.6,-0.0,-5.9
$IMU,1210.00,-83.00,-154.00,-3172.000,-60.000,-16668.000,-44.6,-0.0,-5.9
$IMU,1205.00,-117.00,-166.00,-3160.000,-72.000,-16612.000,-44.6,-0.0,-5.9
$ADC,48.6,50.0,99.9,99.9
$IMU,1198.00,-96.00,-162.00,-3268.000,-48.000,-16692.000,-44.7,-0.0,-5.9
$DIST,3501,90,676,105
$IMU,1229.00,-100.00,-158.00,-3224.000,-52.000,-16712.000,-44.7,-0.0,-5.9
$IMU,1208.00,-77.00,-142.00,-3172.000,-64.000,-16688.000,-44.7,-0.0,-5.9
$IMU,1207.00,-89.00,-127.00,-3272.000,-32.000,-16720.000,-44.7,-0.0,-5.9
$IMU,1194.00,-83.00,-154.00,-3260.000,-56.000,-16576.000,-44.7,-0.0,-5.9
$IMU,1215.00,-104.00,-159.00,-3244.000,-68.000,-16728.000,-44.7,-0.0,-5.9
$IMU,1219.00,-71.00,-130.00,-3200.000,-108.000,-16712.000,-44.6,-0.0,-5.9
$IMU,1193.00,-81.00,-138.00,-3200.000,-80.000,-16676.000,-44.6,-0.0,-5.9
$IMU,1231.00,-111.00,-158.00,-3232.000,-48.000,-16620.000,-44.6,-0.0,-5.9
$IMU,1201.00,-121.00,-158.00,-3176.000,-48.000,-16712.000,-44.7,-0.0,-5.9
$IMU,1214.00,-94.00,-151.00,-3228.000,-80.000,-16800.000,-44.6,-0.0,-5.9
$COLOR,62,39.2,37.2,20.1
$BUTTON,0,0
$IMU,1195.00,-105.00,-135.00,-3192.000,-76.000,-16668.000,-44.6,-0.0,-5.9
$IMU,1231.00,-111.00,-152.00,-3244.000,-68.000,-16736.000,-44.6,-0.0,-5.9
$IMU,1227.00,-112.00,-144.00,-3204.000,-52.000,-16556.000,-44.6,-0.0,-5.9
$IMU,1222.00,-95.00,-159.00,-3208.000,-16.000,-16756.000,-44.6,-0.0,-5.9
$ADC,48.7,50.0,99.9,99.9
$IMU,1228.00,-112.00,-133.00,-3188.000,-120.000,-16664.000,-44.6,-0.0,-5.9
$DIST,3501,93,674,111
$IMU,1208.00,-91.00,-131.00,-3212.000,-64.000,-16680.000,-44.6,-0.0,-5.9
$IMU,1198.00,-105.00,-167.00,-3176.000,-132.000,-16652.000,-44.6,-0.0,-5.9
$IMU,1220.00,-85.00,-144.00,-3212.000,-40.000,-16596.000,-44.6,-0.0,-5.9
$IMU,1214.00,-111.00,-144.00,-3224.000,-104.000,-16640.000,-44.6,-0.0,-5.9
$IMU,1201.00,-108.00,-143.00,-3300.000,-36.000,-16704.000,-44.6,-0.0,-5.9
$IMU,1232.00,-111.00,-171.00,-3196.000,-92.000,-16680.000,-44.6,-0.0,-5.9
$IMU,1202.00,-88.00,-161.00,-3200.000,-64.000,-16680.000,-44.6,-0.0,-5.9
$IMU,1194.00,-110.00,-142.00,-3232.000,-44.000,-16712.000,-44.6,-0.0,-5.9
$IMU,1201.00,-96.00,-121.00,-3212.000,-112.000,-16728.000,-44.6,-0.0,-5.9
$IMU,1211.00,-120.00,-154.00,-3216.000,-80.000,-16704.000,-44.6,-0.0,-5.9
$COLOR,63,39.1,37.6,19.8
$BUTTON,0,0
$IMU,1211.00,-102.00,-146.00,-3228.000,-52.000,-16684.000,-44.6,-0.0,-5.9
$IMU,1215.00,-86.00,-142.00,-3232.000,-40.000,-16644.000,-44.6,-0.0,-5.9
$IMU,1193.00,-98.00,-125.00,-3140.000,-32.000,-16716.000,-44.6,-0.0,-5.9
$IMU,1200.00,-110.00,-136.00,-3248.000,-32.000,-16600.000,-44.6,-0.0,-5.9
$ADC,48.7,50.0,99.9,99.9
$IMU,1212.00,-88.00,-166.00,-3248.000,-88.000,-16692.000,-44.6,-0.0,-5.9
$DIST,3501,94,680,113
$IMU,1193.00,-97.00,-146.00,-3216.000,-48.000,-16588.000,-44.6,-0.0,-5.9
$IMU,1182.00,-88.00,-167.00,-3212.000,-60.000,-16668.000,-44.6,-0.0,-5.9
$IMU,1201.00,-111.00,-166.00,-3192.000,-36.000,-16700.000,-44.7,-0.0,-5.9
$IMU,1212.00,-89.00,-139.00,-3236.000,-88.000,-16640.000,-44.6,-0.0,-5.9
$IMU,1234.00,-90.00,-145.00,-3252.000,-64.000,-16588.000,-44.6,0.0,-5.9
$IMU,1229.00,-93.00,-144.00,-3192.000,-68.000,-16680.000,-44.6,-0.0,-5.9
$IMU,1218.00,-92.00,-138.00,-3232.000,-40.000,-16716.000,-44.6,0.0,-5.9
$IMU,1233.00,-93.00,-155.00,-3128.000,-52.000,-16636.000,-44.6,-0.0,-5.9
$IMU,1200.00,-92.00,-152.00,-3144.000,4.000,-16636.000,-44.7,-0.0,-5.9
$IMU,1211.00,-104.00,-157.00,-3180.000,-124.000,-16708.000,-44.6,-0.0,-5.9
$COLOR,63,39.2,37.3,20.1
$BUTTON,0,0
$IMU,1179.00,-82.00,-180.00,-3208.000,-44.000,-16688.000,-44.7,-0.0,-5.9
$IMU,1235.00,-94.00,-150.00,-3208.000,-48.000,-16724.000,-44.6,-0.0,-5.9
$IMU,1221.00,-88.00,-178.00,-3216.000,-28.000,-16540.000,-44.7,-0.0,-5.9
$IMU,1201.00,-99.00,-151.00,-3200.000,-24.000,-16716.000,-44.7,-0.0,-5.9
$ADC,48.7,50.0,99.9,99.9
$IMU,1193.00,-96.00,-166.00,-3188.000,-4.000,-16796.000,-44.7,-0.0,-5.9
$DIST,3501,92,671,113
$IMU,1229.00,-89.00,-156.00,-3204.000,-84.000,-16704.000,-44.7,-0.0,-5.9
$IMU,1231.00,-94.00,-142.00,-3260.000,-8.000,-16640.000,-44.7,-0.0,-5.9
$IMU,1204.00,-100.00,-146.00,-3252.000,-36.000,-16712.000,-44.7,-0.0,-5.9
$IMU,1206.00,-109.00,-158.00,-3140.000,-44.000,-16768.000,-44.7,-0.0,-5.9
$IMU,1206.00,-119.00,-160.00,-3224.000,-80.000,-16652.000,-44.7,-0.0,-5.9
$IMU,1258.00,-114.00,-158.00,-3272.000,-124.000,-16684.000,-44.7,-0.0,-5.9
$IMU,1194.00,-105.00,-134.00,-3176.000,-48.000,-16708.000,-44.7,-0.0,-5.9
$IMU,1207.00,-99.00,-153.00,-3188.000,-108.000,-16728.000,-44.7,-0.0,-5.9
$IMU,1231.00,-87.00,-147.00,-3216.000,-44.000,-16684.000,-44.7,-0.0,-5.9
$IMU,1226.00,-95.00,-143.00,-3244.000,-92.000,-16764.000,-44.6,-0.0,-5.9
$COLOR,62,39.0,37.4,20.0
$BUTTON,0,0
$IMU,1203.00,-102.00,-166.00,-3264.000,-92.000,-16680.000,-44.6,-0.0,-5.9
$IMU,1209.00,-86.00,-152.00,-3252.000,-40.000,-16736.000,-44.6,-0.0,-5.9
$IMU,1214.00,-107.00,-167.00,-3260.000,-152.000,-16700.000,-44.6,-0.0,-5.9
$IMU,1208.00,-101.00,-160.00,-3204.000,-140.000,-16684.000,-44.6,-0.0,-5.9
$ADC,48.6,50.0,99.9,99.9
$IMU,1212.00,-103.00,-145.00,-3224.000,-44.000,-16616.000,-44.6,-0.0,-5.9
$DIST,3501,92,675,107
$IMU,1204.00,-116.00,-151.00,-3192.000,-52.000,-16724.000,-44.6,-0.0,-5.9
$IMU,1232.00,-77.00,-127.00,-3248.000,-60.000,-16664.000,-44.6,-0.0,-5.9
$IMU,1187.00,-109.00,-176.00,-3232.000,-48.000,-16616.000,-44.6,-0.0,-5.9
$IMU,1193.00,-84.00,-161.00,-3212.000,-100.000,-16668.000,-44.6,-0.0,-5.9
$IMU,1198.00,-102.00,-146.00,-3152.000,-68.000,-16652.000,-44.6,-0.0,-5.9
$IMU,1211.00,-102.00,-181.00,-3184.000,-80.000,-16672.000,-44.6,-0.0,-5.9
$IMU,1228.00,-110.00,-168.00,-3248.000,-16.000,-16656.000,-44.6,-0.0,-5.9
$IMU,1215.00,-112.00,-131.00,-3236.000,-96.000,-16796.000,-44.6,-0.0,-5.9
$IMU,1242.00,-94.00,-146.00,-3236.000,-116.000,-16600.000,-44.6,-0.0,-5.9
$IMU,1188.00,-92.00,-172.00,-3220.000,-4.000,-16736.000,-44.6,-0.0,-5.9
$COLOR,66,38.9,37.5,19.7
$BUTTON,0,0
$IMU,1189.00,-95.00,-147.00,-3224.000,-92.000,-16648.000,-44.6,-0.0,-5.9
$IMU,1181.00,-111.00,-151.00,-3224.000,-68.000,-16676.000,-44.6,-0.0,-5.9
$IMU,1220.00,-117.00,-148.00,-3236.000,-76.000,-16644.000,-44.6,-0.0,-5.9
$IMU,1232.00,-124.00,-148.00,-3248.000,-72.000,-16756.000,-44.6,-0.0,-5.9
$ADC,48.6,50.0,99.9,99.9
$IMU,1194.00,-89.00,-154.00,-3220.000,-64.000,-16824.000,-44.6,-0.0,-5.9
$DIST,3501,93,677,110
$IMU,1194.00,-94.00,-127.00,-3260.000,-84.000,-16708.000,-44.6,-0.0,-5.9
$IMU,1225.00,-105.00,-145.00,-3124.000,-20.000,-16656.000,-44.6,-0.0,-5.9
$IMU,1221.00,-114.00,-134.00,-3260.000,-52.000,-16716.000,-44.6,-0.0,-5.9
$IMU,1199.00,-106.00,-160.00,-3216.000,-96.000,-16652.000,-44.6,-0.0,-5.9
$IMU,1224.00,-118.00,-148.00,-3260.000,-84.000,-16656.000,-44.6,-0.0,-5.9
$IMU,1200.00,-106.00,-147.00,-3252.000,-68.000,-16572.000,-44.6,-0.0,-5.9
$IMU,1196.00,-105.00,-144.00,-3196.000,-40.000,-16780.000,-44.6,-0.0,-5.9
$IMU,1204.00,-89.00,-145.00,-3168.000,-88.000,-16724.000,-44.6,-0.0,-5.9
$IMU,1202.00,-100.00,-161.00,-3180.000,16.000,-16660.000,-44.6,-0.0,-5.9
$IMU,1239.00,-115.00,-136.00,-3216.000,4.000,-16728.000,-44.6,-0.0,-5.9
$COLOR,63,39.3,37.3,19.9
$BUTTON,0,0
$IMU,1223.00,-101.00,-161.00,-3260.000,-72.000,-16692.000,-44.6,-0.0,-5.9
$IMU,1212.00,-107.00,-160.00,-3160.000,-80.000,-16724.000,-44.6,-0.0,-5.9
$IMU,1195.00,-94.00,-141.00,-3248.000,-104.000,-16604.000,-44.6,-0.0,-5.9
$IMU,1194.00,-104.00,-168.00,-3184.000,-88.000,-16672.000,-44.6,-0.0,-5.9
$ADC,48.6,50.0,99.9,99.9
$IMU,1199.00,-94.00,-155.00,-3172.000,-64.000,-16632.000,-44.6,-0.0,-5.9
$DIST,3501,93,679,110
$IMU,1208.00,-103.00,-143.00,-3196.000,-84.000,-16584.000,-44.6,-0.0,-5.9
$IMU,1220.00,-107.00,-156.00,-3196.000,-80.000,-16652.000,-44.6,-0.0,-5.9
$IMU,1184.00,-89.00,-164.00,-3268.000,-72.000,-16664.000,-44.6,-0.0,-5.9
$IMU,1175.00,-75.00,-119.00,-3252.000,-76.000,-16672.000,-44.6,-0.0,-5.9
$IMU,1200.00,-100.00,-161.00,-3236.000,-72.000,-16748.000,-44.6,-0.0,-5.9
$IMU,1172.00,-90.00,-156.00,-3180.000,-64.000,-16616.000,-44.6,-0.0,-5.9
$IMU,1194.00,-119.00,-133.00,-3188.000,-96.000,-16636.000,-44.6,-0.0,-5.9
$IMU,1209.00,-109.00,-140.00,-3220.000,-80.000,-16732.000,-44.6,-0.0,-5.9
$IMU,1197.00,-109.00,-150.00,-3232.000,-80.000,-16592.000,-44.6,-0.0,-5.9
$IMU,1202.00,-120.00,-161.00,-3212.000,-16.000,-16608.000,-44.6,-0.0,-5.9
$COLOR,65,39.2,37.3,20.1
$BUTTON,0,0
$IMU,1201.00,-97.00,-152.00,-3264.000,-56.000,-16584.000,-44.7,-0.0,-5.9
$IMU,1232.00,-93.00,-147.00,-3216.000,-32.000,-16620.000,-44.7,-0.0,-5.9
$IMU,1200.00,-77.00,-170.00,-3208.000,-60.000,-16668.000,-44.7,-0.0,-5.9
$IMU,1225.00,-95.00,-160.00,-3208.000,-68.000,-16624.000,-44.6,-0.0,-5.9
$ADC,48.7,50.0,99.9,99.9
$IMU,1201.00,-114.00,-173.00,-3204.000,-16.000,-16692.000,-44.7,-0.0,-5.9
$DIST,3501,94,671,110
$IMU,1207.00,-128.00,-162.00,-3204.000,-40.000,-16740.000,-44.7,-0.0,-5.9
$IMU,1218.00,-112.00,-145.00,-3168.000,-72.000,-16656.000,-44.7,-0.0,-5.9
$IMU,1202.00,-87.00,-150.00,-3256.000,-24.000,-16788.000,-44.7,-0.0,-5.9
$IMU,1232.00,-66.00,-162.00,-3236.000,-40.000,-16812.000,-44.7,-0.0,-5.9
$IMU,1219.00,-86.00,-152.00,-3256.000,-108.000,-16732.000,-44.7,-0.0,-5.9
$IMU,1215.00,-81.00,-166.00,-3236.000,-80.000,-16744.000,-44.7,-0.0,-5.9
$IMU,1217.00,-100.00,-143.00,-3156.000,-92.000,-16716.000,-44.6,-0.0,-5.9
$IMU,1223.00,-105.00,-164.00,-3244.000,-96.000,-16628.000,-44.6,-0.0,-5.9
$IMU,1197.00,-107.00,-143.00,-3204.000,-100.000,-16600.000,-44.6,-0.0,-5.9
$IMU,1197.00,-93.00,-141.00,-3232.000,-88.000,-16684.000,-44.6,-0.0,-5.9
$COLOR,63,39.1,37.6,19.8
$BUTTON,0,0
$IMU,1182.00,-88.00,-157.00,-3248.000,-36.000,-16672.000,-44.6,0.0,-5.9
$IMU,1203.00,-95.00,-172.00,-3244.000,-80.000,-16612.000,-44.6,0.0,-5.9
$IMU,1204.00,-96.00,-149.00,-3212.000,-68.000,-16672.000,-44.6,0.0,-5.9
$IMU,1194.00,-86.00,-145.00,-3228.000,-76.000,-16640.000,-44.6,0.0,-5.9
$ADC,48.7,50.0,99.9,99.9
$IMU,1211.00,-98.00,-138.00,-3248.000,-60.000,-16668.000,-44.6,0.0,-5.9
$DIST,3501,95,668,111
$IMU,1212.00,-99.00,-161.00,-3248.000,-68.000,-16688.000,-44.6,0.0,-5.9
$IMU,1198.00,-92.00,-163.00,-3208.000,-12.000,-16632.000,-44.7,0.0,-5.9
$IMU,1237.00,-114.00,-149.00,-3200.000,-104.000,-16756.000,-44.6,0.0,-5.9
$IMU,1217.00,-112.00,-156.00,-3308.000,-88.000,-16644.000,-44.6,0.0,-5.9
$IMU,1210.00,-111.00,-148.00,-3240.000,24.000,-16644.000,-44.7,0.0,-5.9
$IMU,1220.00,-78.00,-142.00,-3208.000,-44.000,-16704.000,-44.7,0.0,-5.9
$IMU,1185.00,-92.00,-133.00,-3108.000,-108.000,-16716.000,-44.6,0.0,-5.9
$IMU,1216.00,-117.00,-175.00,-3196.000,-104.000,-16696.000,-44.6,0.0,-5.9
$IMU,1194.00,-112.00,-163.00,-3148.000,-84.000,-16680.000,-44.6,-0.0,-5.9
$IMU,1226.00,-118.00,-139.00,-3180.000,-28.000,-16656.000,-44.6,-0.0,-5.9
$COLOR,65,38.8,37.4,19.9
$BUTTON,0,0
$IMU,1166.00,-104.00,-146.00,-3188.000,-40.000,-16684.000,-44.7,-0.0,-5.9
$IMU,1202.00,-78.00,-149.00,-3176.000,-36.000,-16816.000,-44.7,-0.0,-5.9
$IMU,1233.00,-101.00,-129.00,-3292.000,-112.000,-16640.000,-44.6,-0.0,-5.9
$IMU,1205.00,-103.00,-170.00,-3204.000,-92.000,-16764.000,-44.6,-0.0,-5.9
$ADC,48.6,50.0,99.9,99.9
$IMU,1217.00,-74.00,-131.00,-3192.000,8.000,-16672.000,-44.7,-0.0,-5.9
$DIST,3501,94,674,109
$IMU,1222.00,-110.00,-139.00,-3168.000,-84.000,-16664.000,-44.6,-0.0,-5.9
$IMU,1198.00,-102.00,-140.00,-3188.000,-60.000,-16740.000,-44.7,-0.0,-5.9
$IMU,1204.00,-96.00,-146.00,-3232.000,8.000,-16692.000,-44.7,-0.0,-5.9
$IMU,1225.00,-94.00,-147.00,-3212.000,4.000,-16788.000,-44.7,-0.0,-5.9
$IMU,1182.00,-94.00,-166.00,-3164.000,-76.000,-16628.000,-44.7,-0.0,-5.9
$IMU,1218.00,-97.00,-142.00,-3196.000,-92.000,-16676.000,-44.7,-0.0,-5.9
$IMU,1177.00,-122.00,-166.00,-3200.000,-120.000,-16640.000,-44.7,-0.0,-5.9
$IMU,1195.00,-106.00,-159.00,-3224.000,-60.000,-16668.000,-44.7,-0.0,-5.9
$IMU,1210.00,-75.00,-146.00,-3232.000,-92.000,-16700.000,-44.7,-0.0,-5.9
$IMU,1194.00,-96.00,-156.00,-3204.000,-52.000,-16652.000,-44.7,-0.0,-5.9
$COLOR,62,39.0,37.4,20.0
$BUTTON,0,0
$IMU,1173.00,-124.00,-167.00,-3256.000,-64.000,-16692.000,-44.7,-0.0,-5.9
$IMU,1225.00,-109.00,-167.00,-3288.000,-40.000,-16740.000,-44.7,-0.0,-5.9
$IMU,1219.00,-115.00,-155.00,-3224.000,-72.000,-16688.000,-44.7,-0.0,-5.9
$IMU,1223.00,-101.00,-174.00,-3224.000,-36.000,-16712.000,-44.7,-0.0,-5.9
$ADC,48.6,50.0,99.9,99.9
$IMU,1209.00,-106.00,-146.00,-3232.000,-52.000,-16704.000,-44.7,-0.0,-5.9
$DIST,3501,92,668,113
$IMU,1207.00,-83.00,-137.00,-3208.000,-88.000,-16708.000,-44.7,-0.0,-5.9
$IMU,1194.00,-101.00,-135.00,-3200.000,-32.000,-16660.000,-44.7,-0.0,-5.9
$IMU,1195.00,-81.00,-181.00,-3176.000,-56.000,-16668.000,-44.7,-0.0,-5.9
$IMU,1237.00,-103.00,-144.00,-3196.000,-112.000,-16700.000,-44.7,-0.0,-5.9
$IMU,1226.00,-114.00,-162.00,-3284.000,-40.000,-16756.000,-44.7,-0.0,-5.9
$IMU,1197.00,-101.00,-166.00,-3256.000,-68.000,-16760.000,-44.7,-0.0,-5.9
$IMU,1195.00,-108.00,-145.00,-3176.000,-92.000,-16736.000,-44.7,-0.0,-5.9
$IMU,1209.00,-90.00,-165.00,-3184.000,-88.000,-16608.000,-44.7,-0.0,-5.9
$IMU,1223.00,-97.00,-142.00,-3168.000,-32.000,-16640.000,-44.7,-0.0,-5.9
$IMU,1211.00,-90.00,-152.00,-3220.000,-48.000,-16596.000,-44.7,-0.0,-6.0
$COLOR,66,38.9,37.5,19.7
$BUTTON,0,0
$IMU,1242.00,-109.00,-159.00,-3196.000,-112.000,-16604.000,-44.6,-0.0,-6.0
$IMU,1239.00,-101.00,-151.00,-3208.000,-56.000,-16656.000,-44.6,-0.0,-6.0
$IMU,1214.00,-116.00,-136.00,-3200.000,-52.000,-16644.000,-44.6,-0.0,-6.0
$IMU,1248.00,-121.00,-149.00,-3176.000,-68.000,-16592.000,-44.6,-0.0,-6.0
$ADC,48.6,50.0,99.9,99.9
$IMU,1177.00,-106.00,-150.00,-3168.000,-4.000,-16700.000,-44.7,-0.0,-6.0
$DIST,3501,96,676,106
$IMU,1216.00,-133.00,-143.00,-3208.000,-76.000,-16680.000,-44.7,-0.0,-6.0
$IMU,1211.00,-85.00,-145.00,-3228.000,-48.000,-16688.000,-44.7,-0.0,-6.0
$IMU,1224.00,-106.00,-121.00,-3200.000,-148.000,-16676.000,-44.6,-0.0,-5.9
$IMU,1193.00,-107.00,-146.00,-3172.000,-20.000,-16648.000,-44.6,-0.0,-5.9
$IMU,1230.00,-111.00,-156.00,-3244.000,-156.000,-16592.000,-44.6,-0.0,-5.9
$IMU,1223.00,-101.00,-159.00,-3240.000,-68.000,-16628.000,-44.6,-0.0,-6.0
$IMU,1200.00,-107.00,-171.00,-3224.000,-44.000,-16632.000,-44.6,-0.0,-6.0
$IMU,1222.00,-79.00,-142.00,-3196.000,-116.000,-16676.000,-44.6,-0.0,-6.0
$IMU,1242.00,-123.00,-168.00,-3224.000,-128.000,-16720.000,-44.6,-0.0,-6.0
$IMU,1212.00,-112.00,-164.00,-3132.000,-84.000,-16768.000,-44.6,-0.0,-6.0
$COLOR,62,39.4,37.4,19.7
$BUTTON,0,0
$IMU,1207.00,-131.00,-147.00,-3240.000,-96.000,-16700.000,-44.6,-0.0,-6.0
$IMU,1178.00,-108.00,-142.00,-3280.000,-28.000,-16804.000,-44.6,-0.0,-6.0
$IMU,1186.00,-102.00,-141.00,-3148.000,12.000,-16672.000,-44.6,-0.0,-6.0
$IMU,1232.00,-101.00,-147.00,-3192.000,-60.000,-16632.000,-44.6,-0.0,-6.0
$ADC,48.7,50.0,99.9,99.9
$IMU,1193.00,-83.00,-129.00,-3192.000,-48.000,-16724.000,-44.6,-0.0,-6.0
$DIST,3501,93,675,108
$IMU,1206.00,-94.00,-145.00,-3268.000,-28.000,-16684.000,-44.6,-0.0,-6.0
$IMU,1240.00,-103.00,-149.00,-3216.000,-80.000,-16604.000,-44.6,-0.0,-6.0
$IMU,1201.00,-85.00,-140.00,-3176.000,-100.000,-16752.000,-44.6,-0.0,-6.0
$IMU,1218.00,-100.00,-118.00,-3188.000,-48.000,-16572.000,-44.6,-0.0,-6.0
$IMU,1184.00,-86.00,-151.00,-3192.000,-76.000,-16660.000,-44.6,-0.0,-6.0
$IMU,1198.00,-84.00,-164.00,-3228.000,-52.000,-16724.000,-44.6,-0.0,-6.0
$IMU,1192.00,-111.00,-186.00,-3232.000,-52.000,-16700.000,-44.6,-0.0,-6.0
$IMU,1199.00,-115.00,-156.00,-3160.000,-64.000,-16700.000,-44.6,-0.0,-6.0
$IMU,1199.00,-96.00,-137.00,-3264.000,-80.000,-16644.000,-44.6,-0.0,-6.0
$IMU,1184.00,-126.00,-139.00,-3204.000,-124.000,-16672.000,-44.6,-0.0,-6.0
$COLOR,65,39.2,37.3,20.1
$BUTTON,0,0
$IMU,1214.00,-106.00,-142.00,-3192.000,-52.000,-16596.000,-44.6,-0.0,-6.0
$IMU,1228.00,-107.00,-135.00,-3212.000,-68.000,-16668.000,-44.6,-0.0,-6.0
$IMU,1210.00,-116.00,-175.00,-3216.000,-68.000,-16724.000,-44.6,-0.0,-6.0
$IMU,1232.00,-97.00,-157.00,-3168.000,-40.000,-16744.000,-44.6,-0.0,-6.0
$ADC,48.6,50.0,99.9,99.8
$IMU,1207.00,-106.00,-167.00,-3240.000,-48.000,-16648.000,-44.6,-0.0,-6.0
$DIST,3501,93,677,110
$IMU,1223.00,-97.00,-145.00,-3192.000,-120.000,-16712.000,-44.6,-0.0,-6.0
$IMU,1214.00,-105.00,-126.00,-3188.000,-116.000,-16688.000,-44.6,-0.0,-6.0
$IMU,1174.00,-115.00,-166.00,-3228.000,-104.000,-16720.000,-44.6,-0.0,-6.0
$IMU,1227.00,-118.00,-136.00,-3228.000,-24.000,-16704.000,-44.6,-0.0,-6.0
$IMU,1206.00,-87.00,-127.00,-3228.000,-36.000,-16620.000,-44.6,-0.0,-6.0
$IMU,1227.00,-87.00,-138.00,-3188.000,-196.000,-16568.000,-44.6,-0.0,-6.0
$IMU,1218.00,-110.00,-165.00,-3196.000,-72.000,-16608.000,-44.6,-0.0,-6.0
$IMU,1238.00,-97.00,-162.00,-3244.000,-44.000,-16732.000,-44.6,-0.0,-6.0
$IMU,1230.00,-92.00,-142.00,-3240.000,-52.000,-16660.000,-44.6,-0.0,-6.0
$IMU,1227.00,-87.00,-143.00,-3196.000,-64.000,-16640.000,-44.6,-0.0,-6.0
$COLOR,64,39.2,37.3,19.6
$BUTTON,0,0
$IMU,1219.00,-88.00,-138.00,-3276.000,-80.000,-16644.000,-44.6,-0.0,-6.0
$IMU,1205.00,-80.00,-143.00,-3240.000,-32.000,-16728.000,-44.6,-0.0,-6.0
$IMU,1213.00,-111.00,-150.00,-3220.000,-32.000,-16756.000,-44.6,-0.0,-6.0
$IMU,1213.00,-98.00,-176.00,-3216.000,-100.000,-16656.000,-44.6,-0.0,-6.0
$ADC,48.6,50.0,99.9,99.9
$IMU,1241.00,-105.00,-142.00,-3244.000,-64.000,-16708.000,-44.6,-0.0,-6.0
$DIST,3501,91,677,108
$IMU,1209.00,-113.00,-167.00,-3244.000,-116.000,-16612.000,-44.6,-0.0,-6.0
$IMU,1202.00,-104.00,-119.00,-3256.000,-100.000,-16752.000,-44.6,-0.0,-6.0
$IMU,1214.00,-111.00,-164.00,-3244.000,-92.000,-16688.000,-44.6,-0.0,-6.0
$IMU,1245.00,-108.00,-169.00,-3240.000,-76.000,-16772.000,-44.6,-0.0,-6.0
$IMU,1218.00,-127.00,-158.00,-3204.000,-100.000,-16744.000,-44.6,-0.0,-6.0
$IMU,1183.00,-116.00,-133.00,-3212.000,-48.000,-16716.000,-44.6,-0.0,-6.0
$IMU,1220.00,-108.00,-168.00,-3196.000,-40.000,-16736.000,-44.6,-0.0,-6.0
$IMU,1212.00,-116.00,-151.00,-3244.000,-96.000,-16696.000,-44.6,-0.0,-6.0
$IMU,1235.00,-95.00,-151.00,-3216.000,-56.000,-16664.000,-44.6,-0.0,-6.0
$IMU,1237.00,-125.00,-153.00,-3180.000,-40.000,-16748.000,-44.6,-0.0,-6.0
$COLOR,65,38.8,37.4,19.9
$BUTTON,0,0
$IMU,1218.00,-84.00,-140.00,-3260.000,-28.000,-16736.000,-44.6,-0.0,-6.0
$IMU,1226.00,-103.00,-162.00,-3232.000,-68.000,-16800.000,-44.6,-0.0,-6.0
$IMU,1188.00,-102.00,-136.00,-3216.000,-56.000,-16684.000,-44.6,-0.0,-6.0
$IMU,1198.00,-104.00,-146.00,-3240.000,-112.000,-16704.000,-44.6,-0.0,-6.0
$ADC,48.7,50.0,99.9,99.9
$IMU,1191.00,-99.00,-124.00,-3212.000,-72.000,-16648.000,-44.6,-0.0,-6.0
$DIST,3501,95,679,109
$IMU,1204.00,-93.00,-153.00,-3216.000,-108.000,-16752.000,-44.6,-0.0,-6.0
$IMU,1180.00,-115.00,-152.00,-3276.000,-84.000,-16644.000,-44.6,-0.0,-6.0
$IMU,1220.00,-127.00,-155.00,-3268.000,-72.000,-16584.000,-44.6,-0.0,-6.0
$IMU,1232.00,-110.00,-137.00,-3164.000,-108.000,-16652.000,-44.6,-0.0,-6.0
$IMU,1237.00,-105.00,-122.00,-3220.000,-36.000,-16676.000,-44.6,-0.0,-6.0
$IMU,1200.00,-88.00,-164.00,-3240.000,-40.000,-16640.000,-44.6,-0.0,-6.0
$IMU,1206.00,-102.00,-146.00,-3184.000,-24.000,-16652.000,-44.6,-0.0,-6.0
$IMU,1212.00,-84.00,-164.00,-3212.000,-92.000,-16688.000,-44.6,-0.0,-6.0
$IMU,1211.00,-108.00,-153.00,-3168.000,-24.000,-16760.000,-44.6,-0.0,-6.0
$IMU,1208.00,-129.00,-159.00,-3252.000,-80.000,-16752.000,-44.6,-0.0,-6.0
$COLOR,62,39.0,37.4,20.0
$BUTTON,0,0
$IMU,1212.00,-114.00,-148.00,-3220.000,-88.000,-16688.000,-44.6,-0.0,-6.0
$IMU,1219.00,-88.00,-151.00,-3228.000,-92.000,-16676.000,-44.6,-0.0,-6.0
$IMU,1225.00,-111.00,-146.00,-3208.000,8.000,-16728.000,-44.6,-0.0,-6.0
$IMU,1194.00,-84.00,-145.00,-3216.000,-88.000,-16724.000,-44.6,-0.0,-6.0
$ADC,48.7,50.0,99.9,99.9
$IMU,1225.00,-99.00,-175.00,-3232.000,-140.000,-16844.000,-44.6,-0.0,-6.0
$DIST,3501,95,679,110
$IMU,1181.00,-125.00,-171.00,-3260.000,-52.000,-16756.000,-44.6,-0.0,-6.0
$IMU,1201.00,-104.00,-154.00,-3248.000,-68.000,-16704.000,-44.6,-0.0,-6.0
$IMU,1208.00,-107.00,-152.00,-3180.000,-56.000,-16756.000,-44.6,-0.0,-6.0
$IMU,1239.00,-84.00,-134.00,-3140.000,-68.000,-16716.000,-44.6,-0.0,-6.0
$IMU,1236.00,-115.00,-146.00,-3272.000,-132.000,-16724.000,-44.6,-0.0,-6.0
$IMU,1198.00,-99.00,-133.00,-3208.000,-64.000,-16644.000,-44.6,-0.0,-6.0
$IMU,1216.00,-89.00,-171.00,-3280.000,-20.000,-16760.000,-44.6,-0.0,-6.0
$IMU,1191.00,-121.00,-153.00,-3260.000,-28.000,-16732.000,-44.6,-0.0,-6.0
$IMU,1219.00,-134.00,-135.00,-3268.000,-24.000,-16848.000,-44.6,-0.0,-6.0
$IMU,1230.00,-86.00,-145.00,-3232.000,-100.000,-16568.000,-44.6,-0.0,-6.0
$COLOR,63,39.3,37.3,19.9
$BUTTON,0,0
$IMU,1208.00,-88.00,-163.00,-3192.000,-76.000,-16712.000,-44.6,-0.0,-6.0
$IMU,1215.00,-103.00,-151.00,-3224.000,-24.000,-16604.000,-44.6,-0.0,-6.0
$IMU,1218.00,-104.00,-177.00,-3220.000,-36.000,-16784.000,-44.6,-0.0,-6.0
$IMU,1209.00,-126.00,-156.00,-3216.000,-88.000,-16756.000,-44.6,-0.0,-6.0
$ADC,48.7,50.0,99.9,99.9
$IMU,1191.00,-93.00,-118.00,-3240.000,-36.000,-16616.000,-44.6,-0.0,-6.0
$DIST,3501,94,671,117
$IMU,1217.00,-117.00,-159.00,-3224.000,-68.000,-16708.000,-44.6,-0.0,-6.0
$IMU,1200.00,-95.00,-168.00,-3308.000,-36.000,-16704.000,-44.6,-0.0,-6.0
$IMU,1214.00,-112.00,-156.00,-3148.000,-60.000,-16680.000,-44.6,-0.0,-6.0
$IMU,1213.00,-105.00,-139.00,-3264.000,-56.000,-16728.000,-44.6,-0.0,-6.0
$IMU,1221.00,-73.00,-159.00,-3260.000,-40.000,-16708.000,-44.6,-0.0,-6.0
$IMU,1236.00,-104.00,-151.00,-3172.000,-60.000,-16600.000,-44.6,-0.0,-6.0
$IMU,1221.00,-104.00,-134.00,-3228.000,-44.000,-16676.000,-44.6,-0.0,-6.0
$IMU,1213.00,-110.00,-139.00,-3168.000,-40.000,-16612.000,-44.6,-0.0,-6.0
$IMU,1195.00,-113.00,-146.00,-3208.000,-116.000,-16692.000,-44.6,-0.0,-6.0
$IMU,1200.00,-105.00,-161.00,-3168.000,-52.000,-16668.000,-44.6,-0.0,-6.0
$COLOR,62,39.2,37.2,20.1
$BUTTON,0,0
$IMU,1214.00,-100.00,-129.00,-3208.000,-76.000,-16656.000,-44.6,-0.0,-6.0
$IMU,1200.00,-96.00,-134.00,-3252.000,-56.000,-16748.000,-44.6,-0.0,-6.0
$IMU,1224.00,-89.00,-138.00,-3192.000,-36.000,-16680.000,-44.6,-0.0,-6.0
$IMU,1207.00,-108.00,-154.00,-3140.000,-104.000,-16632.000,-44.6,-0.0,-6.0
$ADC,48.7,50.0,99.9,99.8
$IMU,1205.00,-96.00,-150.00,-3236.000,-92.000,-16608.000,-44.6,-0.0,-6.0
$DIST,3501,90,676,109
$IMU,1224.00,-108.00,-165.00,-3200.000,-100.000,-16680.000,-44.6,-0.0,-6.0
$IMU,1203.00,-91.00,-167.00,-3244.000,-72.000,-16752.000,-44.6,-0.0,-6.0
$IMU,1222.00,-109.00,-158.00,-3208.000,-56.000,-16560.000,-44.6,-0.0,-6.0
$IMU,1207.00,-80.00,-165.00,-3212.000,-88.000,-16624.000,-44.6,-0.0,-6.0
$IMU,1218.00,-101.00,-142.00,-3260.000,-80.000,-16692.000,-44.6,-0.0,-6.0
$IMU,1225.00,-100.00,-170.00,-3176.000,-88.000,-16588.000,-44.6,-0.0,-6.0
$IMU,1224.00,-111.00,-138.00,-3204.000,-76.000,-16700.000,-44.6,-0.0,-6.0
$IMU,1234.00,-86.00,-147.00,-3240.000,-52.000,-16804.000,-44.6,-0.0,-6.0
$IMU,1208.00,-110.00,-155.00,-3232.000,-16.000,-16664.000,-44.6,-0.0,-6.0
$IMU,1202.00,-67.00,-141.00,-3188.000,-104.000,-16692.000,-44.6,-0.0,-6.0
$COLOR,63,39.1,37.6,19.8
$BUTTON,0,0
$IMU,1224.00,-61.00,-140.00,-3252.000,-76.000,-16744.000,-44.6,-0.0,-6.0
$IMU,1190.00,-100.00,-151.00,-3268.000,-68.000,-16748.000,-44.6,-0.0,-6.0
$IMU,1191.00,-96.00,-153.00,-3268.000,-100.000,-16696.000,-44.6,0.0,-6.0
$IMU,1208.00,-82.00,-153.00,-3216.000,-44.000,-16652.000,-44.6,0.0,-6.0
$ADC,48.7,50.0,99.9,99.8
$IMU,1227.00,-67.00,-138.00,-3168.000,-36.000,-16604.000,-44.6,0.0,-6.0
$DIST,3501,93,673,106
$IMU,1180.00,-86.00,-155.00,-3252.000,-56.000,-16712.000,-44.6,0.0,-6.0
$IMU,1216.00,-112.00,-157.00,-3192.000,-24.000,-16664.000,-44.6,0.0,-6.0
$IMU,1208.00,-94.00,-177.00,-3204.000,-112.000,-16600.000,-44.6,0.0,-6.0
$IMU,1223.00,-109.00,-165.00,-3172.000,-48.000,-16704.000,-44.6,-0.0,-6.0
$IMU,1220.00,-100.00,-144.00,-3184.000,-76.000,-16700.000,-44.6,-0.0,-6.0
$IMU,1197.00,-121.00,-145.00,-3152.000,-72.000,-16712.000,-44.6,-0.0,-6.0
$IMU,1240.00,-98.00,-154.00,-3232.000,-100.000,-16704.000,-44.6,-0.0,-6.0
$IMU,1212.00,-114.00,-178.00,-3268.000,-80.000,-16580.000,-44.6,-0.0,-6.0
$IMU,1213.00,-122.00,-148.00,-3192.000,-72.000,-16656.000,-44.6,-0.0,-6.0
$IMU,1198.00,-121.00,-132.00,-3208.000,-48.000,-16732.000,-44.6,-0.0,-6.0
$COLOR,63,39.2,37.3,20.1
$BUTTON,0,0
$IMU,1202.00,-106.00,-145.00,-3240.000,-48.000,-16812.000,-44.6,-0.0,-6.0
$IMU,1178.00,-76.00,-147.00,-3228.000,-52.000,-16664.000,-44.6,-0.0,-6.0
$IMU,1212.00,-101.00,-138.00,-3168.000,-32.000,-16708.000,-44.6,-0.0,-6.0
$IMU,1205.00,-79.00,-159.00,-3232.000,-32.000,-16672.000,-44.6,-0.0,-6.0
$ADC,48.7,50.0,99.9,99.8
$IMU,1227.00,-105.00,-148.00,-3172.000,-12.000,-16716.000,-44.6,-0.0,-6.0
$DIST,3501,94,675,109
$IMU,1217.00,-111.00,-149.00,-3188.000,-164.000,-16628.000,-44.6,-0.0,-6.0
$IMU,1193.00,-127.00,-149.00,-3212.000,-104.000,-16736.000,-44.6,-0.0,-6.0
$IMU,1224.00,-86.00,-154.00,-3208.000,-68.000,-16732.000,-44.6,-0.0,-6.0
$IMU,1225.00,-92.00,-139.00,-3220.000,-124.000,-16724.000,-44.6,-0.0,-6.0
$IMU,1215.00,-102.00,-139.00,-3200.000,-52.000,-16724.000,-44.6,-0.0,-6.0
$IMU,1189.00,-115.00,-157.00,-3248.000,-52.000,-16632.000,-44.6,-0.0,-6.0
$IMU,1220.00,-112.00,-147.00,-3240.000,-40.000,-16748.000,-44.6,-0.0,-6.0
$IMU,1224.00,-111.00,-141.00,-3188.000,-52.000,-16644.000,-44.6,-0.0,-6.0
$IMU,1194.00,-100.00,-155.00,-3300.000,-56.000,-16732.000,-44.6,-0.0,-6.0
$IMU,1230.00,-96.00,-140.00,-3296.000,-64.000,-16740.000,-44.6,-0.0,-6.0
$COLOR,61,39.3,37.2,19.9
$BUTTON,0,0
$IMU,1177.00,-104.00,-154.00,-3192.000,-56.000,-16664.000,-44.6,-0.0,-6.0
$IMU,1182.00,-87.00,-154.00,-3216.000,-88.000,-16612.000,-44.6,-0.0,-6.0
$IMU,1199.00,-128.00,-165.00,-3232.000,-64.000,-16692.000,-44.6,-0.0,-6.0
$IMU,1224.00,-99.00,-145.00,-3200.000,-40.000,-16672.000,-44.6,-0.0,-6.0
$ADC,48.7,50.0,99.8,99.8
$IMU,1203.00,-96.00,-125.00,-3184.000,-20.000,-16700.000,-44.6,-0.0,-6.0
$DIST,3501,94,675,113
$IMU,1228.00,-111.00,-137.00,-3280.000,-80.000,-16580.000,-44.6,-0.0,-6.0
$IMU,1219.00,-88.00,-154.00,-3176.000,-64.000,-16616.000,-44.6,-0.0,-6.0
$IMU,1202.00,-111.00,-144.00,-3224.000,-80.000,-16652.000,-44.6,-0.0,-6.0
$IMU,1246.00,-88.00,-165.00,-3176.000,-56.000,-16712.000,-44.6,-0.0,-6.0
$IMU,1199.00,-105.00,-155.00,-3260.000,-8.000,-16652.000,-44.6,-0.0,-6.0
$IMU,1203.00,-111.00,-153.00,-3228.000,-104.000,-16608.000,-44.6,-0.0,-6.0
$IMU,1194.00,-99.00,-175.00,-3168.000,-68.000,-16828.000,-44.6,-0.0,-6.0
$IMU,1217.00,-104.00,-154.00,-3152.000,-88.000,-16680.000,-44.6,-0.0,-6.0
$IMU,1202.00,-114.00,-139.00,-3196.000,-12.000,-16736.000,-44.6,-0.0,-6.0
$IMU,1189.00,-99.00,-156.00,-3216.000,-88.000,-16636.000,-44.6,-0.0,-6.0
$COLOR,66,38.9,37.5,19.7
$BUTTON,0,0
$IMU,1228.00,-135.00,-159.00,-3204.000,-104.000,-16796.000,-44.6,-0.0,-6.0
$IMU,1208.00,-102.00,-159.00,-3220.000,8.000,-16712.000,-44.6,-0.0,-6.0
$IMU,1188.00,-118.00,-129.00,-3256.000,-40.000,-16780.000,-44.6,-0.0,-6.0
$IMU,1188.00,-127.00,-137.00,-3164.000,-80.000,-16784.000,-44.6,-0.0,-6.0
$ADC,48.7,50.0,99.8,99.8
$IMU,1225.00,-131.00,-137.00,-3224.000,-92.000,-16640.000,-44.6,-0.0,-6.0
$DIST,3501,96,676,108
$IMU,1203.00,-85.00,-170.00,-3160.000,-40.000,-16724.000,-44.6,-0.0,-6.0
$IMU,1169.00,-99.00,-185.00,-3208.000,-68.000,-16664.000,-44.6,-0.0,-6.0
$IMU,1196.00,-101.00,-158.00,-3156.000,-76.000,-16720.000,-44.6,-0.0,-6.0
$IMU,1220.00,-119.00,-159.00,-3220.000,0.000,-16672.000,-44.7,-0.0,-6.0
$IMU,1198.00,-96.00,-161.00,-3200.000,-68.000,-16760.000,-44.7,-0.0,-6.0
$IMU,1215.00,-105.00,-159.00,-3184.000,-112.000,-16648.000,-44.6,-0.0,-6.0
